-- phpMyAdmin SQL Dump
-- version 5.2.1
-- https://www.phpmyadmin.net/
--
-- Servidor: 127.0.0.1
-- Tiempo de generación: 05-08-2024 a las 22:36:49
-- Versión del servidor: 10.4.32-MariaDB
-- Versión de PHP: 8.2.12

SET SQL_MODE = "NO_AUTO_VALUE_ON_ZERO";
START TRANSACTION;
SET time_zone = "+00:00";


/*!40101 SET @OLD_CHARACTER_SET_CLIENT=@@CHARACTER_SET_CLIENT */;
/*!40101 SET @OLD_CHARACTER_SET_RESULTS=@@CHARACTER_SET_RESULTS */;
/*!40101 SET @OLD_COLLATION_CONNECTION=@@COLLATION_CONNECTION */;
/*!40101 SET NAMES utf8mb4 */;

--
-- Base de datos: `situ_db`
--

-- --------------------------------------------------------

--
-- Estructura de tabla para la tabla `areas`
--

CREATE TABLE `areas` (
  `id_area` int(11) NOT NULL,
  `nombreArea` varchar(100) NOT NULL,
  `id_estado` int(11) NOT NULL,
  `fecha_registro` datetime NOT NULL,
  `fecha_actualizacion` datetime NOT NULL
) ENGINE=InnoDB DEFAULT CHARSET=utf8mb4 COLLATE=utf8mb4_general_ci;

--
-- Volcado de datos para la tabla `areas`
--

INSERT INTO `areas` (`id_area`, `nombreArea`, `id_estado`, `fecha_registro`, `fecha_actualizacion`) VALUES
(20, 'Pecuaria', 1, '2024-07-03 07:40:27', '2024-07-03 07:41:13'),
(21, 'Agricola', 1, '2024-07-03 07:40:46', '2024-07-03 07:42:13'),
(22, 'Agroindustria', 1, '2024-07-03 07:41:04', '2024-07-03 07:42:19'),
(23, 'Gestion', 1, '2024-07-03 07:41:54', '2024-07-03 07:42:54'),
(24, 'Ambiental', 1, '2024-07-03 07:42:07', '2024-07-03 07:42:59'),
(31, 'Mecanización', 1, '2024-07-26 15:28:34', '0000-00-00 00:00:00');

-- --------------------------------------------------------

--
-- Estructura de tabla para la tabla `cargos`
--

CREATE TABLE `cargos` (
  `id_cargo` int(11) NOT NULL,
  `tipo_cargo` varchar(255) NOT NULL,
  `estado` int(11) NOT NULL,
  `fecha_registro` datetime NOT NULL
) ENGINE=InnoDB DEFAULT CHARSET=utf8mb4 COLLATE=utf8mb4_general_ci;

--
-- Volcado de datos para la tabla `cargos`
--

INSERT INTO `cargos` (`id_cargo`, `tipo_cargo`, `estado`, `fecha_registro`) VALUES
(8, 'Instructor Tecnico ', 1, '2024-07-04 14:31:30'),
(9, 'Lider Agroindustria', 2, '2024-07-04 14:31:30'),
(10, 'Lider Sena Empresa', 1, '2024-07-04 14:32:11'),
(11, 'Lider Pecuario', 2, '2024-07-04 14:32:11');

-- --------------------------------------------------------

--
-- Estructura de tabla para la tabla `departamentos`
--

CREATE TABLE `departamentos` (
  `id_departamento` bigint(20) NOT NULL,
  `departamento` varchar(100) CHARACTER SET utf8mb4 COLLATE utf8mb4_spanish_ci NOT NULL
) ENGINE=InnoDB DEFAULT CHARSET=latin1 COLLATE=latin1_spanish_ci;

--
-- Volcado de datos para la tabla `departamentos`
--

INSERT INTO `departamentos` (`id_departamento`, `departamento`) VALUES
(1, 'AMAZONAS'),
(2, 'ANTIOQUIA'),
(3, 'ARAUCA'),
(4, 'ATLANTICO '),
(5, 'BOLIVAR '),
(6, 'BOYACA '),
(7, 'CALDAS'),
(8, 'CAQUETA'),
(9, 'CASANARE'),
(10, 'CAUCA'),
(11, 'CESAR'),
(12, 'CHOCO'),
(13, 'CORDOBA '),
(14, 'CUNDINAMARCA'),
(15, 'GUAINIA'),
(16, 'GUAVIARE'),
(17, 'HUILA'),
(18, 'LA GUAJIRA'),
(19, 'MAGDALENA'),
(20, 'META'),
(21, 'NARIÑO'),
(22, 'NORTE DE SANTANDER'),
(23, 'PUTUMAYO'),
(24, 'QUINDIO'),
(25, 'RISARALDA'),
(26, 'SAN ANDRES Y PROVIDENCIA'),
(27, 'SANTANDER'),
(28, 'SUCRE'),
(29, 'TOLIMA'),
(30, 'VALLE DEL CAUCA'),
(31, 'VAUPES'),
(32, 'VICHADA');

-- --------------------------------------------------------

--
-- Estructura de tabla para la tabla `detalle_area_unidades`
--

CREATE TABLE `detalle_area_unidades` (
  `id_detalle_areauni` int(11) NOT NULL,
  `id_area` int(11) NOT NULL,
  `id_unidad` int(11) NOT NULL,
  `fecha_registro` datetime NOT NULL
) ENGINE=InnoDB DEFAULT CHARSET=utf8mb4 COLLATE=utf8mb4_general_ci;

--
-- Volcado de datos para la tabla `detalle_area_unidades`
--

INSERT INTO `detalle_area_unidades` (`id_detalle_areauni`, `id_area`, `id_unidad`, `fecha_registro`) VALUES
(84, 20, 40, '2024-07-17 15:31:29'),
(85, 20, 41, '2024-07-17 15:31:29'),
(86, 20, 39, '2024-07-17 15:31:29'),
(87, 23, 47, '2024-07-29 12:36:44'),
(88, 23, 48, '2024-07-29 12:36:44'),
(89, 23, 38, '2024-07-29 12:36:44'),
(90, 23, 40, '2024-07-29 12:36:45'),
(91, 21, 37, '2024-07-29 12:36:45'),
(92, 21, 45, '2024-07-29 12:36:45'),
(93, 21, 48, '2024-07-29 12:36:45');

-- --------------------------------------------------------

--
-- Estructura de tabla para la tabla `empresas`
--

CREATE TABLE `empresas` (
  `id_empresa` int(11) NOT NULL,
  `nombre_empresa` varchar(255) NOT NULL,
  `id_estado` int(11) NOT NULL,
  `fecha_registro` datetime DEFAULT NULL
) ENGINE=InnoDB DEFAULT CHARSET=utf8mb4 COLLATE=utf8mb4_general_ci;

--
-- Volcado de datos para la tabla `empresas`
--

INSERT INTO `empresas` (`id_empresa`, `nombre_empresa`, `id_estado`, `fecha_registro`) VALUES
(9518833, 'RAFAÉL HERNÁN LARA OJEDA', 1, '2024-07-30 10:44:51'),
(14234175, 'SARMIENTO LINDO ANGEL GUSTAVO', 1, '2024-07-30 10:44:51'),
(16763313, 'GARCIA GOMEZ LUIS FERNANDO', 1, '2024-07-30 10:44:51'),
(75062708, 'JULIAN DIAZ DUQUE', 1, '2024-07-30 10:44:51'),
(79000674, 'JORGE ENRIQUE PRIMO-PANADERIA Y PASTELERIA EL NECTAR', 1, '2024-07-30 10:44:51'),
(79234386, 'LORENZO HIDALGO ZAMORA', 1, '2024-07-30 10:44:51'),
(79762603, 'FAUNIER ROLANDO LOPEZ AVILA', 1, '2024-07-30 10:44:51'),
(800018488, 'AGROZ S.A.', 1, '2024-07-30 10:44:51'),
(800020220, 'AGROINDUSTRIAL MOLINO SONORA A.P. S A S', 1, '2024-07-30 10:44:51'),
(800027738, 'AGROPECUARIA LA MARQUEZA S.A.', 1, '2024-07-30 10:44:51'),
(800033345, 'INVAGRAS S.A.S', 1, '2024-07-30 10:44:51'),
(800045797, 'INDUSTRIAS ALIADAS S.A.S.', 1, '2024-07-30 10:44:51'),
(800050714, 'COMERCIALIZADORA INTERNACIONAL AGRÍCOLA CARDENAL S.A.S', 1, '2024-07-30 10:44:51'),
(800065684, 'FLORES DE LA HACIENDA SAS', 1, '2024-07-30 10:44:51'),
(800095036, 'DLK S A S', 1, '2024-07-30 10:44:51'),
(800095068, 'AGROINDUSTRIAL DON EUSEBIO S.A.S', 1, '2024-07-30 10:44:51'),
(800108333, 'INVERSIONES STHONIA S.A.S', 1, '2024-07-30 10:44:51'),
(800109387, 'UNIVERSIDAD CESMAG', 1, '2024-07-30 10:44:51'),
(800125859, 'FLORES MILONGA S.A', 1, '2024-07-30 10:44:51'),
(800126875, 'FLORES DE BOJACA SAS', 1, '2024-07-30 10:44:51'),
(800141506, 'THE ELITE FLOWER S A S C I', 1, '2024-07-30 10:44:51'),
(800142580, 'TEUCALI FLOWERS SA', 1, '2024-07-30 10:44:51'),
(800158149, 'FLORES DE BRITANIA S.A.S.', 1, '2024-07-30 10:44:51'),
(800173004, 'FRUTAS COMERCIALES S.A.', 1, '2024-07-30 10:44:51'),
(800192056, 'CONSORCIO AGRICOLA BUENOS AIRES S A S', 1, '2024-07-30 10:44:51'),
(800194600, 'LA CORPORACION COLOMBIANA DE INVESTIGACION AGROPECUARIA - AGROSAVIA', 1, '2024-07-30 10:44:51'),
(800214937, 'WAYUU FLOWERS S A S', 1, '2024-07-30 10:44:51'),
(800222689, 'INVERSIONES SOGA S.A.', 1, '2024-07-30 10:44:51'),
(800249444, 'GONAREZ & CIA S.A.S.', 1, '2024-07-30 10:44:51'),
(801000713, 'ONCÓLOGOS DEL OCCIDENTE S.A.S', 1, '2024-07-30 10:44:51'),
(804005066, 'GANADERIA CANDILEJAS S.A.S.', 1, '2024-07-30 10:44:51'),
(808002473, 'AVICOLA DEL MAGDALENA S.A - AVIMA S.A.', 1, '2024-07-30 10:44:51'),
(809005667, 'JESUS MARIA SANCHEZ R. Y CIA. S. EN C.', 1, '2024-07-30 10:44:51'),
(809008051, 'GM LEGAZY S.A.S.', 1, '2024-07-30 10:44:51'),
(809009050, 'EMBOTELLADORA DE BEBIDAS DEL TOLIMA S.A.', 1, '2024-07-30 10:44:51'),
(809012806, 'AGROVAR S A S', 1, '2024-07-30 10:44:51'),
(811004057, 'PRAGMA S.A.', 1, '2024-07-30 10:44:51'),
(811032272, 'VIVERO SOL ROJO S.A.S.', 1, '2024-07-30 10:44:51'),
(820000142, 'INSTITUTO DE INVESTIGACION DE RECURSOS BIOLOGICOS \"ALEXANDER VON HUMBOLDT\"', 1, '2024-07-30 10:44:51'),
(830005674, 'MOUNTAIN ROSES S A S', 1, '2024-07-30 10:44:51'),
(830010738, 'COMERCIALIZADORA INTERNACIONAL SUNSHINE BOUQUET COLOMBIA S.A.S - C.I. SUNSHINE BOUQUET S.A.S', 1, '2024-07-30 10:44:51'),
(830016868, 'AGROAVICOLA SAN MARINO S.A', 1, '2024-07-30 10:44:51'),
(830031070, 'TRINITY FARMS S.A.', 1, '2024-07-30 10:44:51'),
(830051928, 'DON MAIZ S.A.S.', 1, '2024-07-30 10:44:51'),
(830055791, 'AXITY COLOMBIA SOCIEDAD POR ACCIONES SIMPLIFICADA -AXITY COLOMBIA SAS', 1, '2024-07-30 10:44:51'),
(830070021, 'INVERSIONES PENIEL SAS', 1, '2024-07-30 10:44:51'),
(830091683, 'SNF SAS', 1, '2024-07-30 10:44:51'),
(830093741, 'FANTASY FLOWERS S.A.S.', 1, '2024-07-30 10:44:51'),
(830109054, 'FRUSERVICE S.A.S', 1, '2024-07-30 10:44:51'),
(830111367, 'SUDESPENSA BARRAGAN S.A.', 1, '2024-07-30 10:44:51'),
(830117002, 'FLORES EL PANDERO S.A.S', 1, '2024-07-30 10:44:51'),
(830140122, 'MATINA FLOWERS SAS', 1, '2024-07-30 10:44:51'),
(830141144, 'ECOFILLERS EU', 1, '2024-07-30 10:44:51'),
(830144337, 'VIDRIOS Y ACCESORIOS DE BOGOTA  S.A.S.', 1, '2024-07-30 10:44:51'),
(830506392, 'MORANGO S.A.S.', 1, '2024-07-30 10:44:51'),
(830511773, 'BRM S.A.S.', 1, '2024-07-30 10:44:51'),
(860000006, 'TEAM FOODS COLOMBIA S A - ACEGRASAS S A TECNOLOGIA EMPRESARIAL DE ALIMENTOS TEAM S A Y FAGRAVE S A', 1, '2024-07-30 10:44:51'),
(860000698, 'JAIME URIBE Y HERMANAS LTDA', 1, '2024-07-30 10:44:51'),
(860003563, 'ABB POWER GRIDS COLOMBIA LTDA', 1, '2024-07-30 10:44:51'),
(860006333, 'YARA COLOMBIA S.A.', 1, '2024-07-30 10:44:51'),
(860007386, 'UNIVERSIDAD DE LOS ANDES', 1, '2024-07-30 10:44:51'),
(860007538, 'FEDERACION NACIONAL DE CAFETEROS DE COLOMBIA', 1, '2024-07-30 10:44:51'),
(860010457, 'HERMANAS DEL NIÑO JESUS POBRE', 1, '2024-07-30 10:44:51'),
(860010522, 'FEDERACION NACIONAL DE ARROCEROS FEDEARROZ', 1, '2024-07-30 10:44:51'),
(860014918, 'FUNDACION UNIVERSIDAD EXTERNADO DE COLOMBIA', 1, '2024-07-30 10:44:51'),
(860021475, 'INDUSTRIA COLOMBIANA DE CARNE S A - INCOLCAR S A', 1, '2024-07-30 10:44:51'),
(860025900, 'ALPINA PRODUCTOS ALIMENTICIOS S.A.', 1, '2024-07-30 10:44:51'),
(860026895, 'ITALCOL S.A.', 1, '2024-07-30 10:44:51'),
(860027812, 'CULTIVOS SAN JOSE LIMITADA', 1, '2024-07-30 10:44:51'),
(860028238, 'FABRICA DE ESPECIAS Y PRODUCTOS EL REY SA', 1, '2024-07-30 10:44:51'),
(860029445, 'SANTA REYES S.A.S - SRY S.A.S', 1, '2024-07-30 10:44:51'),
(860029997, 'LABORATORIOS DE COSMETICOS VOGUE SAS', 1, '2024-07-30 10:44:51'),
(860031606, 'DIANA CORPORACION S.A.S - DICORP S.A.S.', 1, '2024-07-30 10:44:51'),
(860032436, 'FLORES DEL RIO Y CIA S.A.S.', 1, '2024-07-30 10:44:51'),
(860054546, 'MG CONSULTORES SAS', 1, '2024-07-30 10:44:51'),
(860058831, 'AVICOLA LOS CAMBULOS S.A.', 1, '2024-07-30 10:44:51'),
(860063039, 'HACIENDA EL RINCON LTDA.', 1, '2024-07-30 10:44:51'),
(860075498, 'MORENOS S.A.S', 1, '2024-07-30 10:44:51'),
(860075966, 'INVERSIONES CLIMACUNA S.A.S. - CLIMACUNA S.A.S.', 1, '2024-07-30 10:44:51'),
(860350564, 'INVERPALMAS S.A.S. - INVERPALMAS S.A.S.', 1, '2024-07-30 10:44:51'),
(860351680, 'C.I. AGROMONTE S.A.S.', 1, '2024-07-30 10:44:51'),
(860450234, 'INCODEPF S.A.S', 1, '2024-07-30 10:44:51'),
(860507669, 'JARDINEROS LIMITADA', 1, '2024-07-30 10:44:51'),
(860508791, 'DONUCOL S.A.', 1, '2024-07-30 10:44:51'),
(860524163, 'FLORES DE SERREZUELA S.A.S.', 1, '2024-07-30 10:44:51'),
(860526418, 'FUNDACION LABORATORIO DE FARMACOLOGIA VEGETAL - LABFARVE', 1, '2024-07-30 10:44:51'),
(860532081, 'HALCON AGROINDUSTRIAL S.A.S', 1, '2024-07-30 10:44:51'),
(890700056, 'INVERSIONES AGROPECUARIAS DOIMA S.A.', 1, '2024-07-30 10:44:51'),
(890700058, 'UNION DE ARROCEROS S.A.S. - UNIARROZ S.A.S.', 1, '2024-07-30 10:44:51'),
(890700148, 'CAJA DE COMPENSACION FAMILIAR DE FENALCO DEL TOLIMA - COMFENALCO', 1, '2024-07-30 10:44:51'),
(890700359, 'LILIA GALINDO DE POSADA & CIA. LTDA.', 1, '2024-07-30 10:44:51'),
(890700965, 'CULTIVOS CASA SAS', 1, '2024-07-30 10:44:51'),
(890701327, 'ARROCERA POTRERITO S A S', 1, '2024-07-30 10:44:51'),
(890701655, 'ZORROZA Y SUAREZ S.A.S', 1, '2024-07-30 10:44:51'),
(890701732, 'COOPERATIVA DE CAFICULTORES DEL SUR DEL TOLIMA LTDA. - CAFISUR', 1, '2024-07-30 10:44:51'),
(890702335, 'CENTRAL PECUARIA S.A.', 1, '2024-07-30 10:44:51'),
(890702406, 'ERNESTO NAVARRO Y CIA S EN C', 1, '2024-07-30 10:44:51'),
(890702700, 'MELENDEZ Y MELENDEZ LTDA.', 1, '2024-07-30 10:44:51'),
(890702731, 'USOCOELLO', 1, '2024-07-30 10:44:51'),
(890702902, 'ELIAS ACOSTA Y CIA SAS', 1, '2024-07-30 10:44:51'),
(890703064, 'CORPORACIÓN JARDÍN DE LOS ABUELOS', 1, '2024-07-30 10:44:51'),
(890703094, 'CORPORACIÓN CLUB CAMPESTRE IBAGUÉ', 1, '2024-07-30 10:44:51'),
(890704021, 'ORGANIZACION PAJONALES S.A.S', 1, '2024-07-30 10:44:51'),
(890704409, 'USOSALDAÑA', 1, '2024-07-30 10:44:51'),
(890706833, 'HOSPITAL FEDERICO LLERAS ACOSTA DE IBAGUE TOLIMA - EMPRESA SOCIAL DEL ESTADO', 1, '2024-07-30 10:44:51'),
(890706999, 'PISCIFACTORIA REMAR S.A.S.', 1, '2024-07-30 10:44:51'),
(890900135, 'AVIAGEN COLOMBIA SA', 1, '2024-07-30 10:44:51'),
(890904478, 'COOPERATIVA  COLANTA', 1, '2024-07-30 10:44:51'),
(890938750, 'SOCIEDAD DE COMERCIALIZACION INTERNACIONAL AGRICOLAS UNIDAS S.A.', 1, '2024-07-30 10:44:51'),
(891100445, 'ORF S.A - O R F', 1, '2024-07-30 10:44:51'),
(891301549, 'NUTRIENTES AVICOLAS S.A.S', 1, '2024-07-30 10:44:51'),
(891855200, 'ALCALDIA MUNICIPAL DE AGUAZUL', 1, '2024-07-30 10:44:51'),
(891903333, 'CARCAFE LTDA', 1, '2024-07-30 10:44:51'),
(899999034, 'SERVICIO NACIONAL DE APRENDIZAJE, SENA', 1, '2024-07-30 10:44:51'),
(900016521, 'FRUTIVER 1A S.A.S', 1, '2024-07-30 10:44:51'),
(900031737, 'PORCICOLA EL RECUERDO LTDA.', 1, '2024-07-30 10:44:51'),
(900036947, 'TRESPALACIOS BOLIVAR S EN C SIMPLE', 1, '2024-07-30 10:44:51'),
(900087145, 'MINA EL GRAN PORVENIR DEL LIBANO S.A.', 1, '2024-07-30 10:44:51'),
(900119429, 'JARDINES URBANOS S.A.S', 1, '2024-07-30 10:44:51'),
(900139215, 'AGROPECUARIA LEMAYA LTDA', 1, '2024-07-30 10:44:51'),
(900155107, 'CENCOSUD COLOMBIA S.A.', 1, '2024-07-30 10:44:51'),
(900209374, 'GANADOS Y FORRAJES S.A.S', 1, '2024-07-30 10:44:51'),
(900215071, 'BANCO DE LAS MICROFINANZAS BANCAMIA S.A.', 1, '2024-07-30 10:44:51'),
(900249144, 'INVERSIONES Y OPERACIONES COMERCIALES DEL SUR S.A.', 1, '2024-07-30 10:44:51'),
(900254110, 'AGRÍCOLA TERRA S.A.S.', 1, '2024-07-30 10:44:51'),
(900264802, 'SINEFI S.A.S', 1, '2024-07-30 10:44:51'),
(900267392, 'GARCIA DEVIA AGROPECUARIA RANCHO LUNA SAS', 1, '2024-07-30 10:44:51'),
(900272161, 'MTJA S.A.S.', 1, '2024-07-30 10:44:51'),
(900294923, 'AVICOLA TRIPLE A S.A.S.', 1, '2024-07-30 10:44:51'),
(900315287, 'INGENIO DEL OCCIDENTE SAS', 1, '2024-07-30 10:44:51'),
(900317030, 'PROCESOS TECNICOS DE SEGURIDAD Y VALORES S. A. S. -  TESEVAL S. A. S.', 1, '2024-07-30 10:44:51'),
(900353879, 'DATTEC S A S', 1, '2024-07-30 10:44:51'),
(900381993, 'AGROQUIMICOS PARA LA AGRICULTURA COLOMBIANA S.A.S.', 1, '2024-07-30 10:44:51'),
(900384449, 'FRESH & NATURAL S.A.S.', 1, '2024-07-30 10:44:51'),
(900403334, 'CHARRY TRADING S A S', 1, '2024-07-30 10:44:51'),
(900437091, 'COMERCIALIZADORA JOSACAR SAS', 1, '2024-07-30 10:44:51'),
(900462245, 'NATIVA PRODUCE S.A.S.', 1, '2024-07-30 10:44:51'),
(900465446, 'PRODUCTORA COLOMBIANA DE CITRICOS SAS - PROCOLCITRICOS SAS', 1, '2024-07-30 10:44:51'),
(900496469, 'COLOMBIANA DE SERVICIOS LOGISTICOS S.A.S - COLSERLOG S.A.S', 1, '2024-07-30 10:44:51'),
(900496606, 'AGROLIMON S.A.S', 1, '2024-07-30 10:44:51'),
(900514910, 'ESHKOL PREMIUM FOODS S.A.S', 1, '2024-07-30 10:44:51'),
(900526797, 'INDUSTRIAS ALIMENTICIAS SAN NICOLAS S A S', 1, '2024-07-30 10:44:51'),
(900529276, 'PRODUCTOS LACTEOS PACO´S SAS', 1, '2024-07-30 10:44:51'),
(900552241, 'GEOFLORA SAS', 1, '2024-07-30 10:44:51'),
(900561500, 'LA ARTESA S A S', 1, '2024-07-30 10:44:51'),
(900563861, 'PIANTE S.A.S', 1, '2024-07-30 10:44:51'),
(900581287, 'SERVIPOLLOS GERMAN S.A.S', 1, '2024-07-30 10:44:51'),
(900602495, 'OUTSOURCING SUPPORT SAS', 1, '2024-07-30 10:44:51'),
(900605834, 'AGROINDUSTRIAS SANTA MONICA S.A.S', 1, '2024-07-30 10:44:51'),
(900630758, 'QUALITY FRESH FOOD  S.A.S', 1, '2024-07-30 10:44:51'),
(900631030, 'AGRICOLA LA CAROLINA SAS', 1, '2024-07-30 10:44:51'),
(900768933, 'BANCO MUNDO MUJER SA O MUNDO MUJER EL BANCO DE LA COMUNIDAD O MUNDO MUJER', 1, '2024-07-30 10:44:51'),
(900769717, 'JUGANI S.A.S.', 1, '2024-07-30 10:44:51'),
(900817795, 'LA CATLEYA AC SAS', 1, '2024-07-30 10:44:51'),
(900819727, 'PES COLOMBIA S.A.S', 1, '2024-07-30 10:44:51'),
(900829016, 'ALMA - G S.A.S.', 1, '2024-07-30 10:44:51'),
(900893683, 'SEMILLAS ELITE DE PALMA PARA LAS AMERICAS S.A.S - SEPALM', 1, '2024-07-30 10:44:51'),
(900964443, 'ONELINK S.A.S.', 1, '2024-07-30 10:44:51'),
(901026695, 'SAMBA PRODUCE S.A.S.', 1, '2024-07-30 10:44:51'),
(901043903, 'GOWAN COLOMBIA S.A.S.', 1, '2024-07-30 10:44:51'),
(901106407, 'INVERSIONES AGROPECUARIAS WAC SAS', 1, '2024-07-30 10:44:51'),
(901148480, 'BIONATURE SAS', 1, '2024-07-30 10:44:51'),
(901236507, 'ELITE BLU S.A.S.', 1, '2024-07-30 10:44:51'),
(901237772, 'PROGRESA ZOMAC S.A.S.', 1, '2024-07-30 10:44:51'),
(901242351, 'EDOSPINA TECHNOLOGY', 1, '2024-07-30 10:44:51'),
(901245456, 'CULTIVOS BELLAVISTA SAS', 1, '2024-07-30 10:44:51'),
(901260012, 'HORNEADOS LA 5TA ESTRELLA SAS', 1, '2024-07-30 10:44:51'),
(901343476, 'CIFRUTOL S.A.S', 1, '2024-07-30 10:44:51'),
(901388276, 'SAKANA SUSHI FUSION COL S.A.S', 1, '2024-07-30 10:44:51'),
(901390735, 'CI MANAR FRUIT SAS', 1, '2024-07-30 10:44:51'),
(901392009, 'AGROINDUSTRIAL PECUARIA EL JUGUETE', 1, '2024-07-30 10:44:51'),
(901400067, 'COSECHAR SERVICIOS AGRICOLAS SAS', 1, '2024-07-30 10:44:51'),
(901430941, 'SAN ALEJO Y ASOCIADOS SAS', 1, '2024-07-30 10:44:51'),
(901449886, 'G.D AGRO LOGISTICA SOLUCIONES AGROPECUARIAS SAS', 1, '2024-07-30 10:44:51'),
(901506325, 'HY-LINE COLOMBIA S.A.S.', 1, '2024-07-30 10:44:51'),
(901610780, 'XALTECH TELECOMUNICACIONES S.A.S.', 1, '2024-07-30 10:44:51'),
(1110454490, 'SANTANILLA HERNANDEZ ANDRES MAURICIO / NUEVO MILENIO PARTELERIA', 1, '2024-07-30 10:44:51');

-- --------------------------------------------------------

--
-- Estructura de tabla para la tabla `estados`
--

CREATE TABLE `estados` (
  `id_estado` int(11) NOT NULL,
  `estado` varchar(200) NOT NULL
) ENGINE=InnoDB DEFAULT CHARSET=utf8mb4 COLLATE=utf8mb4_general_ci;

--
-- Volcado de datos para la tabla `estados`
--

INSERT INTO `estados` (`id_estado`, `estado`) VALUES
(1, 'activo'),
(2, 'inactivo'),
(4, 'Suspendido'),
(5, 'Bloqueado'),
(8, 'Etapa Productiva'),
(9, 'Retirado');

-- --------------------------------------------------------

--
-- Estructura de tabla para la tabla `fichas`
--

CREATE TABLE `fichas` (
  `codigoFicha` int(11) NOT NULL,
  `id_programa` int(11) NOT NULL,
  `inicio_formacion` date NOT NULL,
  `fin_formacion` date NOT NULL,
  `fecha_productiva` date DEFAULT NULL,
  `id_estado` int(11) NOT NULL,
  `id_estado_se` int(11) DEFAULT NULL,
  `fecha_registro` datetime DEFAULT NULL
) ENGINE=InnoDB DEFAULT CHARSET=utf8mb4 COLLATE=utf8mb4_general_ci;

--
-- Volcado de datos para la tabla `fichas`
--

INSERT INTO `fichas` (`codigoFicha`, `id_programa`, `inicio_formacion`, `fin_formacion`, `fecha_productiva`, `id_estado`, `id_estado_se`, `fecha_registro`) VALUES
(2201230, 22, '2024-02-04', '2025-11-04', '2025-05-04', 1, 2, '2024-08-05 14:50:16'),
(2925791, 22, '2024-08-10', '2027-08-01', '2027-02-01', 1, 2, NULL),
(2925792, 32, '2023-10-01', '2026-08-01', '2026-02-01', 1, 2, NULL),
(2925794, 30, '2024-08-10', '2026-08-29', '2026-03-01', 1, 2, NULL),
(2925802, 35, '2022-08-01', '2025-08-01', '2025-02-01', 1, 2, NULL),
(2969843, 30, '2023-08-12', '2025-08-01', '2025-02-01', 1, 2, NULL),
(2969857, 28, '2023-07-14', '2026-08-15', '2026-02-15', 1, 2, NULL);

-- --------------------------------------------------------

--
-- Estructura de tabla para la tabla `formatos`
--

CREATE TABLE `formatos` (
  `id_formato` int(11) NOT NULL,
  `nombreFormato` varchar(255) NOT NULL,
  `nombreFormatoMagnetico` varchar(255) NOT NULL,
  `estado` int(11) NOT NULL,
  `horario_registro` datetime NOT NULL
) ENGINE=InnoDB DEFAULT CHARSET=utf8mb4 COLLATE=utf8mb4_general_ci;

--
-- Volcado de datos para la tabla `formatos`
--

INSERT INTO `formatos` (`id_formato`, `nombreFormato`, `nombreFormatoMagnetico`, `estado`, `horario_registro`) VALUES
(5, 'Formato registro de area', 'formatoarea.csv', 1, '2024-06-20 08:12:33'),
(6, 'Formato registro de unidad', 'formatounidad.csv', 1, '2024-06-20 10:51:24'),
(7, 'Formato Registro de Programas de Formacion', 'formatoprogramas.csv', 1, '2024-06-20 12:25:56');

-- --------------------------------------------------------

--
-- Estructura de tabla para la tabla `intentos_fallidos`
--

CREATE TABLE `intentos_fallidos` (
  `id_intentos` int(11) NOT NULL,
  `email` varchar(200) NOT NULL,
  `fecha_intento` date NOT NULL
) ENGINE=InnoDB DEFAULT CHARSET=utf8mb4 COLLATE=utf8mb4_general_ci;

--
-- Volcado de datos para la tabla `intentos_fallidos`
--

INSERT INTO `intentos_fallidos` (`id_intentos`, `email`, `fecha_intento`) VALUES
(1, 'mitalentohumanose@gmail.com', '2024-07-11'),
(2, 'mitalentohumanose@gmail.com', '2024-07-11'),
(3, 'mitalentohumanose@gmail.com', '2024-07-11'),
(4, 'mitalentohumanose@gmail.com', '2024-07-29');

-- --------------------------------------------------------

--
-- Estructura de tabla para la tabla `municipios`
--

CREATE TABLE `municipios` (
  `id_municipio` bigint(20) NOT NULL,
  `id_departamento` bigint(20) NOT NULL,
  `nombre_municipio` varchar(100) CHARACTER SET utf8mb4 COLLATE utf8mb4_spanish_ci NOT NULL
) ENGINE=InnoDB DEFAULT CHARSET=latin1 COLLATE=latin1_spanish_ci;

--
-- Volcado de datos para la tabla `municipios`
--

INSERT INTO `municipios` (`id_municipio`, `id_departamento`, `nombre_municipio`) VALUES
(1, 1, 'EL ENCANTO'),
(2, 1, 'LA CHORRERA'),
(3, 1, 'LA PEDRERA'),
(4, 1, 'LA VICTORIA'),
(5, 1, 'LETICIA'),
(6, 1, 'MIRITI'),
(7, 1, 'PUERTO ALEGRIA'),
(8, 1, 'PUERTO ARICA'),
(9, 1, 'PUERTO NARIÃ‘O'),
(10, 1, 'PUERTO SANTANDER'),
(11, 1, 'TURAPACA'),
(12, 2, 'ABEJORRAL'),
(13, 2, 'ABRIAQUI'),
(14, 2, 'ALEJANDRIA'),
(15, 2, 'AMAGA'),
(16, 2, 'AMALFI'),
(17, 2, 'ANDES'),
(18, 2, 'ANGELOPOLIS'),
(19, 2, 'ANGOSTURA'),
(20, 2, 'ANORI'),
(21, 2, 'ANTIOQUIA'),
(22, 2, 'ANZA'),
(23, 2, 'APARTADO'),
(24, 2, 'ARBOLETES'),
(25, 2, 'ARGELIA'),
(26, 2, 'ARMENIA'),
(27, 2, 'BARBOSA'),
(28, 2, 'BELLO'),
(29, 2, 'BELMIRA'),
(30, 2, 'BETANIA'),
(31, 2, 'BETULIA'),
(32, 2, 'BOLIVAR'),
(33, 2, 'BRICEÑO'),
(34, 2, 'BURITICA'),
(35, 2, 'CACERES'),
(36, 2, 'CAICEDO'),
(37, 2, 'CALDAS'),
(38, 2, 'CAMPAMENTO'),
(39, 2, 'CANASGORDAS'),
(40, 2, 'CARACOLI'),
(41, 2, 'CARAMANTA'),
(42, 2, 'CAREPA'),
(43, 2, 'CARMEN DE VIBORAL'),
(44, 2, 'CAROLINA DEL PRINCIPE'),
(45, 2, 'CAUCASIA'),
(46, 2, 'CHIGORODO'),
(47, 2, 'CISNEROS'),
(48, 2, 'COCORNA'),
(49, 2, 'CONCEPCION'),
(50, 2, 'CONCORDIA'),
(51, 2, 'COPACABANA'),
(52, 2, 'DABEIBA'),
(53, 2, 'DONMATIAS'),
(54, 2, 'EBEJICO'),
(55, 2, 'EL BAGRE'),
(56, 2, 'EL PENOL'),
(57, 2, 'EL RETIRO'),
(58, 2, 'ENTRERRIOS'),
(59, 2, 'ENVIGADO'),
(60, 2, 'FREDONIA'),
(61, 2, 'FRONTINO'),
(62, 2, 'GIRALDO'),
(63, 2, 'GIRARDOTA'),
(64, 2, 'GOMEZ PLATA'),
(65, 2, 'GRANADA'),
(66, 2, 'GUADALUPE'),
(67, 2, 'GUARNE'),
(68, 2, 'GUATAQUE'),
(69, 2, 'HELICONIA'),
(70, 2, 'HISPANIA'),
(71, 2, 'ITAGUI'),
(72, 2, 'ITUANGO'),
(73, 2, 'JARDIN'),
(74, 2, 'JERICO'),
(75, 2, 'LA CEJA'),
(76, 2, 'LA ESTRELLA'),
(77, 2, 'LA PINTADA'),
(78, 2, 'LA UNION'),
(79, 2, 'LIBORINA'),
(80, 2, 'MACEO'),
(81, 2, 'MARINILLA'),
(82, 2, 'MEDELLIN'),
(83, 2, 'MONTEBELLO'),
(84, 2, 'MURINDO'),
(85, 2, 'MUTATA'),
(86, 2, 'NARINO'),
(87, 2, 'NECHI'),
(88, 2, 'NECOCLI'),
(89, 2, 'OLAYA'),
(90, 2, 'PEQUE'),
(91, 2, 'PUEBLORRICO'),
(92, 2, 'PUERTO BERRIO'),
(93, 2, 'PUERTO NARE'),
(94, 2, 'PUERTO TRIUNFO'),
(95, 2, 'REMEDIOS'),
(96, 2, 'RIONEGRO'),
(97, 2, 'SABANALARGA'),
(98, 2, 'SABANETA'),
(99, 2, 'SALGAR'),
(100, 2, 'SAN ANDRES DE CUERQUIA'),
(101, 2, 'SAN CARLOS'),
(102, 2, 'SAN FRANCISCO'),
(103, 2, 'SAN JERONIMO'),
(104, 2, 'SAN JOSE DE LA MONTAÃ‘A'),
(105, 2, 'SAN JUAN DE URABA'),
(106, 2, 'SAN LUIS'),
(107, 2, 'SAN PEDRO DE LOS MILAGROS'),
(108, 2, 'SAN PEDRO DE URABA'),
(109, 2, 'SAN RAFAEL'),
(110, 2, 'SAN ROQUE'),
(111, 2, 'SAN VICENTE'),
(112, 2, 'SANTA BARBARA'),
(113, 2, 'SANTA ROSA DE OSOS'),
(114, 2, 'SANTO DOMINGO'),
(115, 2, 'SANTUARIO'),
(116, 2, 'SEGOVIA'),
(117, 2, 'SONSON'),
(118, 2, 'SOPETRAN'),
(119, 2, 'TAMESIS'),
(120, 2, 'TARAZA'),
(121, 2, 'TARSO'),
(122, 2, 'TITIRIBI'),
(123, 2, 'TOLEDO'),
(124, 2, 'TURBO'),
(125, 2, 'URAMITA'),
(126, 2, 'URRAO'),
(127, 2, 'VALDIVIA'),
(128, 2, 'VALPARAISO'),
(129, 2, 'VEGACHI'),
(130, 2, 'VENECIA'),
(131, 2, 'VIGIA DEL FUERTE'),
(132, 2, 'YALI'),
(133, 2, 'YARUMAL'),
(134, 2, 'YOLOMBO'),
(135, 2, 'YONDO'),
(136, 2, 'ZARAGOZA'),
(137, 3, 'ARAUCA'),
(138, 3, 'ARAUQUITA'),
(139, 3, 'CRAVO NORTE'),
(140, 3, 'FORTUL'),
(141, 3, 'PUERTO RONDON'),
(142, 3, 'SARAVENA'),
(143, 3, 'TAME'),
(144, 4, 'BARANOA'),
(145, 4, 'BARRANQUILLA'),
(146, 4, 'CAMPO DE LA CRUZ'),
(147, 4, 'CANDELARIA'),
(148, 4, 'GALAPA'),
(149, 4, 'JUAN DE ACOSTA'),
(150, 4, 'LURUACO'),
(151, 4, 'MALAMBO'),
(152, 4, 'MANATI'),
(153, 4, 'PALMAR DE VARELA'),
(154, 4, 'PIOJO'),
(155, 4, 'POLO NUEVO'),
(156, 4, 'PONEDERA'),
(157, 4, 'PUERTO COLOMBIA'),
(158, 4, 'REPELON'),
(159, 4, 'SABANAGRANDE'),
(160, 4, 'SABANALARGA'),
(161, 4, 'SANTA LUCIA'),
(162, 4, 'SANTO TOMAS'),
(163, 4, 'SOLEDAD'),
(164, 4, 'SUAN'),
(165, 4, 'TUBARA'),
(166, 4, 'USIACURI'),
(167, 5, 'ACHI'),
(168, 5, 'ALTOS DEL ROSARIO'),
(169, 5, 'ARENAL'),
(170, 5, 'ARJONA'),
(171, 5, 'ARROYOHONDO'),
(172, 5, 'BARRANCO DE LOBA'),
(173, 5, 'BRAZUELO DE PAPAYAL'),
(174, 5, 'CALAMAR'),
(175, 5, 'CANTAGALLO'),
(176, 5, 'CARTAGENA DE INDIAS'),
(177, 5, 'CICUCO'),
(178, 5, 'CLEMENCIA'),
(179, 5, 'CORDOBA'),
(180, 5, 'EL CARMEN DE BOLIVAR'),
(181, 5, 'EL GUAMO'),
(182, 5, 'EL PENION'),
(183, 5, 'HATILLO DE LOBA'),
(184, 5, 'MAGANGUE'),
(185, 5, 'MAHATES'),
(186, 5, 'MARGARITA'),
(187, 5, 'MARIA LA BAJA'),
(188, 5, 'MONTECRISTO'),
(189, 5, 'MORALES'),
(190, 5, 'MORALES'),
(191, 5, 'NOROSI'),
(192, 5, 'PINILLOS'),
(193, 5, 'REGIDOR'),
(194, 5, 'RIO VIEJO'),
(195, 5, 'SAN CRISTOBAL'),
(196, 5, 'SAN ESTANISLAO'),
(197, 5, 'SAN FERNANDO'),
(198, 5, 'SAN JACINTO'),
(199, 5, 'SAN JACINTO DEL CAUCA'),
(200, 5, 'SAN JUAN DE NEPOMUCENO'),
(201, 5, 'SAN MARTIN DE LOBA'),
(202, 5, 'SAN PABLO'),
(203, 5, 'SAN PABLO NORTE'),
(204, 5, 'SANTA CATALINA'),
(205, 5, 'SANTA CRUZ DE MOMPOX'),
(206, 5, 'SANTA ROSA'),
(207, 5, 'SANTA ROSA DEL SUR'),
(208, 5, 'SIMITI'),
(209, 5, 'SOPLAVIENTO'),
(210, 5, 'TALAIGUA NUEVO'),
(211, 5, 'TUQUISIO'),
(212, 5, 'TURBACO'),
(213, 5, 'TURBANA'),
(214, 5, 'VILLANUEVA'),
(215, 5, 'ZAMBRANO'),
(216, 6, 'AQUITANIA'),
(217, 6, 'ARCABUCO'),
(218, 6, 'BELÉN'),
(219, 6, 'BERBEO'),
(220, 6, 'BETÉITIVA'),
(221, 6, 'BOAVITA'),
(222, 6, 'BOYACÁ'),
(223, 6, 'BRICEÑO'),
(224, 6, 'BUENAVISTA'),
(225, 6, 'BUSBANZÁ'),
(226, 6, 'CALDAS'),
(227, 6, 'CAMPO HERMOSO'),
(228, 6, 'CERINZA'),
(229, 6, 'CHINAVITA'),
(230, 6, 'CHIQUINQUIRÁ'),
(231, 6, 'CHÍQUIZA'),
(232, 6, 'CHISCAS'),
(233, 6, 'CHITA'),
(234, 6, 'CHITARAQUE'),
(235, 6, 'CHIVATÁ'),
(236, 6, 'CIÉNEGA'),
(237, 6, 'CÓMBITA'),
(238, 6, 'COPER'),
(239, 6, 'CORRALES'),
(240, 6, 'COVARACHÍA'),
(241, 6, 'CUBARA'),
(242, 6, 'CUCAITA'),
(243, 6, 'CUITIVA'),
(244, 6, 'DUITAMA'),
(245, 6, 'EL COCUY'),
(246, 6, 'EL ESPINO'),
(247, 6, 'FIRAVITOBA'),
(248, 6, 'FLORESTA'),
(249, 6, 'GACHANTIVÁ'),
(250, 6, 'GÁMEZA'),
(251, 6, 'GARAGOA'),
(252, 6, 'GUACAMAYAS'),
(253, 6, 'GÜICÁN'),
(254, 6, 'IZA'),
(255, 6, 'JENESANO'),
(256, 6, 'JERICÓ'),
(257, 6, 'LA UVITA'),
(258, 6, 'LA VICTORIA'),
(259, 6, 'LABRANZA GRANDE'),
(260, 6, 'MACANAL'),
(261, 6, 'MARIPÍ'),
(262, 6, 'MIRAFLORES'),
(263, 6, 'MONGUA'),
(264, 6, 'MONGUÍ'),
(265, 6, 'MONIQUIRÁ'),
(266, 6, 'MOTAVITA'),
(267, 6, 'MUZO'),
(268, 6, 'NOBSA'),
(269, 6, 'NUEVO COLÓN'),
(270, 6, 'OICATÁ'),
(271, 6, 'OTANCHE'),
(272, 6, 'PACHAVITA'),
(273, 6, 'PÁEZ'),
(274, 6, 'PAIPA'),
(275, 6, 'PAJARITO'),
(276, 6, 'PANQUEBA'),
(277, 6, 'PAUNA'),
(278, 6, 'PAYA'),
(279, 6, 'PAZ DE RÍO'),
(280, 6, 'PESCA'),
(281, 6, 'PISBA'),
(282, 6, 'PUERTO BOYACA'),
(283, 6, 'QUÍPAMA'),
(284, 6, 'RAMIRIQUÍ'),
(285, 6, 'RÁQUIRA'),
(286, 6, 'RONDÓN'),
(287, 6, 'SABOYÁ'),
(288, 6, 'SÁCHICA'),
(289, 6, 'SAMACÁ'),
(290, 6, 'SAN EDUARDO'),
(291, 6, 'SAN JOSÉ DE PARE'),
(292, 6, 'SAN LUÍS DE GACENO'),
(293, 6, 'SAN MATEO'),
(294, 6, 'SAN MIGUEL DE SEMA'),
(295, 6, 'SAN PABLO DE BORBUR'),
(296, 6, 'SANTA MARÍA'),
(297, 6, 'SANTA ROSA DE VITERBO'),
(298, 6, 'SANTA SOFÍA'),
(299, 6, 'SANTANA'),
(300, 6, 'SATIVANORTE'),
(301, 6, 'SATIVASUR'),
(302, 6, 'SIACHOQUE'),
(303, 6, 'SOATÁ'),
(304, 6, 'SOCHA'),
(305, 6, 'SOCOTÁ'),
(306, 6, 'SOGAMOSO'),
(307, 6, 'SORA'),
(308, 6, 'SORACÁ'),
(309, 6, 'SOTAQUIRÁ'),
(310, 6, 'SUSACÓN'),
(311, 6, 'SUTARMACHÁN'),
(312, 6, 'TASCO'),
(313, 6, 'TIBANÁ'),
(314, 6, 'TIBASOSA'),
(315, 6, 'TINJACÁ'),
(316, 6, 'TIPACOQUE'),
(317, 6, 'TOCA'),
(318, 6, 'TOGÜÍ'),
(319, 6, 'TÓPAGA'),
(320, 6, 'TOTA'),
(321, 6, 'TUNJA'),
(322, 6, 'TUNUNGUÁ'),
(323, 6, 'TURMEQUÉ'),
(324, 6, 'TUTA'),
(325, 6, 'TUTAZÁ'),
(326, 6, 'UMBITA'),
(327, 6, 'VENTA QUEMADA'),
(328, 6, 'VILLA DE LEYVA'),
(329, 6, 'VIRACACHÁ'),
(330, 6, 'ZETAQUIRA'),
(331, 7, 'AGUADAS'),
(332, 7, 'ANSERMA'),
(333, 7, 'ARANZAZU'),
(334, 7, 'BELALCAZAR'),
(335, 7, 'CHINCHINÁ'),
(336, 7, 'FILADELFIA'),
(337, 7, 'LA DORADA'),
(338, 7, 'LA MERCED'),
(339, 7, 'MANIZALES'),
(340, 7, 'MANZANARES'),
(341, 7, 'MARMATO'),
(342, 7, 'MARQUETALIA'),
(343, 7, 'MARULANDA'),
(344, 7, 'NEIRA'),
(345, 7, 'NORCASIA'),
(346, 7, 'PACORA'),
(347, 7, 'PALESTINA'),
(348, 7, 'PENSILVANIA'),
(349, 7, 'RIOSUCIO'),
(350, 7, 'RISARALDA'),
(351, 7, 'SALAMINA'),
(352, 7, 'SAMANA'),
(353, 7, 'SAN JOSE'),
(354, 7, 'SUPÍA'),
(355, 7, 'VICTORIA'),
(356, 7, 'VILLAMARÍA'),
(357, 7, 'VITERBO'),
(358, 8, 'ALBANIA'),
(359, 8, 'BELÉN ANDAQUIES'),
(360, 8, 'CARTAGENA DEL CHAIRA'),
(361, 8, 'CURILLO'),
(362, 8, 'EL DONCELLO'),
(363, 8, 'EL PAUJIL'),
(364, 8, 'FLORENCIA'),
(365, 8, 'LA MONTAÑITA'),
(366, 8, 'MILÁN'),
(367, 8, 'MORELIA'),
(368, 8, 'PUERTO RICO'),
(369, 8, 'SAN  VICENTE DEL CAGUAN'),
(370, 8, 'SAN JOSÉ DE FRAGUA'),
(371, 8, 'SOLANO'),
(372, 8, 'SOLITA'),
(373, 8, 'VALPARAÍSO'),
(374, 9, 'AGUAZUL'),
(375, 9, 'CHAMEZA'),
(376, 9, 'HATO COROZAL'),
(377, 9, 'LA SALINA'),
(378, 9, 'MANÍ'),
(379, 9, 'MONTERREY'),
(380, 9, 'NUNCHIA'),
(381, 9, 'OROCUE'),
(382, 9, 'PAZ DE ARIPORO'),
(383, 9, 'PORE'),
(384, 9, 'RECETOR'),
(385, 9, 'SABANA LARGA'),
(386, 9, 'SACAMA'),
(387, 9, 'SAN LUIS DE PALENQUE'),
(388, 9, 'TAMARA'),
(389, 9, 'TAURAMENA'),
(390, 9, 'TRINIDAD'),
(391, 9, 'VILLANUEVA'),
(392, 9, 'YOPAL'),
(393, 10, 'ALMAGUER'),
(394, 10, 'ARGELIA'),
(395, 10, 'BALBOA'),
(396, 10, 'BOLÍVAR'),
(397, 10, 'BUENOS AIRES'),
(398, 10, 'CAJIBIO'),
(399, 10, 'CALDONO'),
(400, 10, 'CALOTO'),
(401, 10, 'CORINTO'),
(402, 10, 'EL TAMBO'),
(403, 10, 'FLORENCIA'),
(404, 10, 'GUAPI'),
(405, 10, 'INZA'),
(406, 10, 'JAMBALÓ'),
(407, 10, 'LA SIERRA'),
(408, 10, 'LA VEGA'),
(409, 10, 'LÓPEZ'),
(410, 10, 'MERCADERES'),
(411, 10, 'MIRANDA'),
(412, 10, 'MORALES'),
(413, 10, 'PADILLA'),
(414, 10, 'PÁEZ'),
(415, 10, 'PATIA (EL BORDO)'),
(416, 10, 'PIAMONTE'),
(417, 10, 'PIENDAMO'),
(418, 10, 'POPAYÁN'),
(419, 10, 'PUERTO TEJADA'),
(420, 10, 'PURACE'),
(421, 10, 'ROSAS'),
(422, 10, 'SAN SEBASTIÁN'),
(423, 10, 'SANTA ROSA'),
(424, 10, 'SANTANDER DE QUILICHAO'),
(425, 10, 'SILVIA'),
(426, 10, 'SOTARA'),
(427, 10, 'SUÁREZ'),
(428, 10, 'SUCRE'),
(429, 10, 'TIMBÍO'),
(430, 10, 'TIMBIQUÍ'),
(431, 10, 'TORIBIO'),
(432, 10, 'TOTORO'),
(433, 10, 'VILLA RICA'),
(434, 11, 'AGUACHICA'),
(435, 11, 'AGUSTÍN CODAZZI'),
(436, 11, 'ASTREA'),
(437, 11, 'BECERRIL'),
(438, 11, 'BOSCONIA'),
(439, 11, 'CHIMICHAGUA'),
(440, 11, 'CHIRIGUANÁ'),
(441, 11, 'CURUMANÍ'),
(442, 11, 'EL COPEY'),
(443, 11, 'EL PASO'),
(444, 11, 'GAMARRA'),
(445, 11, 'GONZÁLEZ'),
(446, 11, 'LA GLORIA'),
(447, 11, 'LA JAGUA IBIRICO'),
(448, 11, 'MANAURE BALCÓN DEL CESAR'),
(449, 11, 'PAILITAS'),
(450, 11, 'PELAYA'),
(451, 11, 'PUEBLO BELLO'),
(452, 11, 'RÍO DE ORO'),
(453, 11, 'ROBLES (LA PAZ)'),
(454, 11, 'SAN ALBERTO'),
(455, 11, 'SAN DIEGO'),
(456, 11, 'SAN MARTÍN'),
(457, 11, 'TAMALAMEQUE'),
(458, 11, 'VALLEDUPAR'),
(459, 12, 'ACANDI'),
(460, 12, 'ALTO BAUDO (PIE DE PATO)'),
(461, 12, 'ATRATO'),
(462, 12, 'BAGADO'),
(463, 12, 'BAHIA SOLANO (MUTIS)'),
(464, 12, 'BAJO BAUDO (PIZARRO)'),
(465, 12, 'BOJAYA (BELLAVISTA)'),
(466, 12, 'CANTON DE SAN PABLO'),
(467, 12, 'CARMEN DEL DARIEN'),
(468, 12, 'CERTEGUI'),
(469, 12, 'CONDOTO'),
(470, 12, 'EL CARMEN'),
(471, 12, 'ISTMINA'),
(472, 12, 'JURADO'),
(473, 12, 'LITORAL DEL SAN JUAN'),
(474, 12, 'LLORO'),
(475, 12, 'MEDIO ATRATO'),
(476, 12, 'MEDIO BAUDO (BOCA DE PEPE)'),
(477, 12, 'MEDIO SAN JUAN'),
(478, 12, 'NOVITA'),
(479, 12, 'NUQUI'),
(480, 12, 'QUIBDO'),
(481, 12, 'RIO IRO'),
(482, 12, 'RIO QUITO'),
(483, 12, 'RIOSUCIO'),
(484, 12, 'SAN JOSE DEL PALMAR'),
(485, 12, 'SIPI'),
(486, 12, 'TADO'),
(487, 12, 'UNGUIA'),
(488, 12, 'UNIÓN PANAMERICANA'),
(489, 13, 'AYAPEL'),
(490, 13, 'BUENAVISTA'),
(491, 13, 'CANALETE'),
(492, 13, 'CERETÉ'),
(493, 13, 'CHIMA'),
(494, 13, 'CHINÚ'),
(495, 13, 'CIENAGA DE ORO'),
(496, 13, 'COTORRA'),
(497, 13, 'LA APARTADA'),
(498, 13, 'LORICA'),
(499, 13, 'LOS CÓRDOBAS'),
(500, 13, 'MOMIL'),
(501, 13, 'MONTELÍBANO'),
(502, 13, 'MONTERÍA'),
(503, 13, 'MOÑITOS'),
(504, 13, 'PLANETA RICA'),
(505, 13, 'PUEBLO NUEVO'),
(506, 13, 'PUERTO ESCONDIDO'),
(507, 13, 'PUERTO LIBERTADOR'),
(508, 13, 'PURÍSIMA'),
(509, 13, 'SAHAGÚN'),
(510, 13, 'SAN ANDRÉS SOTAVENTO'),
(511, 13, 'SAN ANTERO'),
(512, 13, 'SAN BERNARDO VIENTO'),
(513, 13, 'SAN CARLOS'),
(514, 13, 'SAN PELAYO'),
(515, 13, 'TIERRALTA'),
(516, 13, 'VALENCIA'),
(517, 14, 'AGUA DE DIOS'),
(518, 14, 'ALBAN'),
(519, 14, 'ANAPOIMA'),
(520, 14, 'ANOLAIMA'),
(521, 14, 'ARBELAEZ'),
(522, 14, 'BELTRÁN'),
(523, 14, 'BITUIMA'),
(524, 14, 'BOGOTÁ DC'),
(525, 14, 'BOJACÁ'),
(526, 14, 'CABRERA'),
(527, 14, 'CACHIPAY'),
(528, 14, 'CAJICÁ'),
(529, 14, 'CAPARRAPÍ'),
(530, 14, 'CAQUEZA'),
(531, 14, 'CARMEN DE CARUPA'),
(532, 14, 'CHAGUANÍ'),
(533, 14, 'CHIA'),
(534, 14, 'CHIPAQUE'),
(535, 14, 'CHOACHÍ'),
(536, 14, 'CHOCONTÁ'),
(537, 14, 'COGUA'),
(538, 14, 'COTA'),
(539, 14, 'CUCUNUBÁ'),
(540, 14, 'EL COLEGIO'),
(541, 14, 'EL PEÑÓN'),
(542, 14, 'EL ROSAL1'),
(543, 14, 'FACATATIVA'),
(544, 14, 'FÓMEQUE'),
(545, 14, 'FOSCA'),
(546, 14, 'FUNZA'),
(547, 14, 'FÚQUENE'),
(548, 14, 'FUSAGASUGA'),
(549, 14, 'GACHALÁ'),
(550, 14, 'GACHANCIPÁ'),
(551, 14, 'GACHETA'),
(552, 14, 'GAMA'),
(553, 14, 'GIRARDOT'),
(554, 14, 'GRANADA2'),
(555, 14, 'GUACHETÁ'),
(556, 14, 'GUADUAS'),
(557, 14, 'GUASCA'),
(558, 14, 'GUATAQUÍ'),
(559, 14, 'GUATAVITA'),
(560, 14, 'GUAYABAL DE SIQUIMA'),
(561, 14, 'GUAYABETAL'),
(562, 14, 'GUTIÉRREZ'),
(563, 14, 'JERUSALÉN'),
(564, 14, 'JUNÍN'),
(565, 14, 'LA CALERA'),
(566, 14, 'LA MESA'),
(567, 14, 'LA PALMA'),
(568, 14, 'LA PEÑA'),
(569, 14, 'LA VEGA'),
(570, 14, 'LENGUAZAQUE'),
(571, 14, 'MACHETÁ'),
(572, 14, 'MADRID'),
(573, 14, 'MANTA'),
(574, 14, 'MEDINA'),
(575, 14, 'MOSQUERA'),
(576, 14, 'NARIÑO'),
(577, 14, 'NEMOCÓN'),
(578, 14, 'NILO'),
(579, 14, 'NIMAIMA'),
(580, 14, 'NOCAIMA'),
(581, 14, 'OSPINA PÉREZ'),
(582, 14, 'PACHO'),
(583, 14, 'PAIME'),
(584, 14, 'PANDI'),
(585, 14, 'PARATEBUENO'),
(586, 14, 'PASCA'),
(587, 14, 'PUERTO SALGAR'),
(588, 14, 'PULÍ'),
(589, 14, 'QUEBRADANEGRA'),
(590, 14, 'QUETAME'),
(591, 14, 'QUIPILE'),
(592, 14, 'RAFAEL REYES'),
(593, 14, 'RICAURTE'),
(594, 14, 'SAN  ANTONIO DEL  TEQUENDAMA'),
(595, 14, 'SAN BERNARDO'),
(596, 14, 'SAN CAYETANO'),
(597, 14, 'SAN FRANCISCO'),
(598, 14, 'SAN JUAN DE RIOSECO'),
(599, 14, 'SASAIMA'),
(600, 14, 'SESQUILÉ'),
(601, 14, 'SIBATÉ'),
(602, 14, 'SILVANIA'),
(603, 14, 'SIMIJACA'),
(604, 14, 'SOACHA'),
(605, 14, 'SOPO'),
(606, 14, 'SUBACHOQUE'),
(607, 14, 'SUESCA'),
(608, 14, 'SUPATÁ'),
(609, 14, 'SUSA'),
(610, 14, 'SUTATAUSA'),
(611, 14, 'TABIO'),
(612, 14, 'TAUSA'),
(613, 14, 'TENA'),
(614, 14, 'TENJO'),
(615, 14, 'TIBACUY'),
(616, 14, 'TIBIRITA'),
(617, 14, 'TOCAIMA'),
(618, 14, 'TOCANCIPÁ'),
(619, 14, 'TOPAIPÍ'),
(620, 14, 'UBALÁ'),
(621, 14, 'UBAQUE'),
(622, 14, 'UBATÉ'),
(623, 14, 'UNE'),
(624, 14, 'UTICA'),
(625, 14, 'VERGARA'),
(626, 14, 'VIANI'),
(627, 14, 'VILLA GOMEZ'),
(628, 14, 'VILLA PINZÓN'),
(629, 14, 'VILLETA'),
(630, 14, 'VIOTA'),
(631, 14, 'YACOPÍ'),
(632, 14, 'ZIPACÓN'),
(633, 14, 'ZIPAQUIRÁ'),
(634, 15, 'BARRANCO MINAS'),
(635, 15, 'CACAHUAL'),
(636, 15, 'INÍRIDA'),
(637, 15, 'LA GUADALUPE'),
(638, 15, 'MAPIRIPANA'),
(639, 15, 'MORICHAL'),
(640, 15, 'PANA PANA'),
(641, 15, 'PUERTO COLOMBIA'),
(642, 15, 'SAN FELIPE'),
(643, 16, 'CALAMAR'),
(644, 16, 'EL RETORNO'),
(645, 16, 'MIRAFLOREZ'),
(646, 16, 'SAN JOSÉ DEL GUAVIARE'),
(647, 17, 'ACEVEDO'),
(648, 17, 'AGRADO'),
(649, 17, 'AIPE'),
(650, 17, 'ALGECIRAS'),
(651, 17, 'ALTAMIRA'),
(652, 17, 'BARAYA'),
(653, 17, 'CAMPO ALEGRE'),
(654, 17, 'COLOMBIA'),
(655, 17, 'ELIAS'),
(656, 17, 'GARZÓN'),
(657, 17, 'GIGANTE'),
(658, 17, 'GUADALUPE'),
(659, 17, 'HOBO'),
(660, 17, 'IQUIRA'),
(661, 17, 'ISNOS'),
(662, 17, 'LA ARGENTINA'),
(663, 17, 'LA PLATA'),
(664, 17, 'NATAGA'),
(665, 17, 'NEIVA'),
(666, 17, 'OPORAPA'),
(667, 17, 'PAICOL'),
(668, 17, 'PALERMO'),
(669, 17, 'PALESTINA'),
(670, 17, 'PITAL'),
(671, 17, 'PITALITO'),
(672, 17, 'RIVERA'),
(673, 17, 'SALADO BLANCO'),
(674, 17, 'SAN AGUSTÍN'),
(675, 17, 'SANTA MARIA'),
(676, 17, 'SUAZA'),
(677, 17, 'TARQUI'),
(678, 17, 'TELLO'),
(679, 17, 'TERUEL'),
(680, 17, 'TESALIA'),
(681, 17, 'TIMANA'),
(682, 17, 'VILLAVIEJA'),
(683, 17, 'YAGUARA'),
(684, 18, 'ALBANIA'),
(685, 18, 'BARRANCAS'),
(686, 18, 'DIBULLA'),
(687, 18, 'DISTRACCIÓN'),
(688, 18, 'EL MOLINO'),
(689, 18, 'FONSECA'),
(690, 18, 'HATO NUEVO'),
(691, 18, 'LA JAGUA DEL PILAR'),
(692, 18, 'MAICAO'),
(693, 18, 'MANAURE'),
(694, 18, 'RIOHACHA'),
(695, 18, 'SAN JUAN DEL CESAR'),
(696, 18, 'URIBIA'),
(697, 18, 'URUMITA'),
(698, 18, 'VILLANUEVA'),
(699, 19, 'ALGARROBO'),
(700, 19, 'ARACATACA'),
(701, 19, 'ARIGUANI'),
(702, 19, 'CERRO SAN ANTONIO'),
(703, 19, 'CHIVOLO'),
(704, 19, 'CIENAGA'),
(705, 19, 'CONCORDIA'),
(706, 19, 'EL BANCO'),
(707, 19, 'EL PIÑON'),
(708, 19, 'EL RETEN'),
(709, 19, 'FUNDACION'),
(710, 19, 'GUAMAL'),
(711, 19, 'NUEVA GRANADA'),
(712, 19, 'PEDRAZA'),
(713, 19, 'PIJIÑO DEL CARMEN'),
(714, 19, 'PIVIJAY'),
(715, 19, 'PLATO'),
(716, 19, 'PUEBLO VIEJO'),
(717, 19, 'REMOLINO'),
(718, 19, 'SABANAS DE SAN ANGEL'),
(719, 19, 'SALAMINA'),
(720, 19, 'SAN SEBASTIAN DE BUENAVISTA'),
(721, 19, 'SAN ZENON'),
(722, 19, 'SANTA ANA'),
(723, 19, 'SANTA BARBARA DE PINTO'),
(724, 19, 'SANTA MARTA'),
(725, 19, 'SITIONUEVO'),
(726, 19, 'TENERIFE'),
(727, 19, 'ZAPAYAN'),
(728, 19, 'ZONA BANANERA'),
(729, 20, 'ACACIAS'),
(730, 20, 'BARRANCA DE UPIA'),
(731, 20, 'CABUYARO'),
(732, 20, 'CASTILLA LA NUEVA'),
(733, 20, 'CUBARRAL'),
(734, 20, 'CUMARAL'),
(735, 20, 'EL CALVARIO'),
(736, 20, 'EL CASTILLO'),
(737, 20, 'EL DORADO'),
(738, 20, 'FUENTE DE ORO'),
(739, 20, 'GRANADA'),
(740, 20, 'GUAMAL'),
(741, 20, 'LA MACARENA'),
(742, 20, 'LA URIBE'),
(743, 20, 'LEJANÍAS'),
(744, 20, 'MAPIRIPÁN'),
(745, 20, 'MESETAS'),
(746, 20, 'PUERTO CONCORDIA'),
(747, 20, 'PUERTO GAITÁN'),
(748, 20, 'PUERTO LLERAS'),
(749, 20, 'PUERTO LÓPEZ'),
(750, 20, 'PUERTO RICO'),
(751, 20, 'RESTREPO'),
(752, 20, 'SAN  JUAN DE ARAMA'),
(753, 20, 'SAN CARLOS GUAROA'),
(754, 20, 'SAN JUANITO'),
(755, 20, 'SAN MARTÍN'),
(756, 20, 'VILLAVICENCIO'),
(757, 20, 'VISTA HERMOSA'),
(758, 21, 'ALBAN'),
(759, 21, 'ALDAÑA'),
(760, 21, 'ANCUYA'),
(761, 21, 'ARBOLEDA'),
(762, 21, 'BARBACOAS'),
(763, 21, 'BELEN'),
(764, 21, 'BUESACO'),
(765, 21, 'CHACHAGUI'),
(766, 21, 'COLON (GENOVA)'),
(767, 21, 'CONSACA'),
(768, 21, 'CONTADERO'),
(769, 21, 'CORDOBA'),
(770, 21, 'CUASPUD'),
(771, 21, 'CUMBAL'),
(772, 21, 'CUMBITARA'),
(773, 21, 'EL CHARCO'),
(774, 21, 'EL PEÑOL'),
(775, 21, 'EL ROSARIO'),
(776, 21, 'EL TABLÓN'),
(777, 21, 'EL TAMBO'),
(778, 21, 'FUNES'),
(779, 21, 'GUACHUCAL'),
(780, 21, 'GUAITARILLA'),
(781, 21, 'GUALMATAN'),
(782, 21, 'ILES'),
(783, 21, 'IMUES'),
(784, 21, 'IPIALES'),
(785, 21, 'LA CRUZ'),
(786, 21, 'LA FLORIDA'),
(787, 21, 'LA LLANADA'),
(788, 21, 'LA TOLA'),
(789, 21, 'LA UNION'),
(790, 21, 'LEIVA'),
(791, 21, 'LINARES'),
(792, 21, 'LOS ANDES'),
(793, 21, 'MAGUI'),
(794, 21, 'MALLAMA'),
(795, 21, 'MOSQUEZA'),
(796, 21, 'NARIÑO'),
(797, 21, 'OLAYA HERRERA'),
(798, 21, 'OSPINA'),
(799, 21, 'PASTO'),
(800, 21, 'PIZARRO'),
(801, 21, 'POLICARPA'),
(802, 21, 'POTOSI'),
(803, 21, 'PROVIDENCIA'),
(804, 21, 'PUERRES'),
(805, 21, 'PUPIALES'),
(806, 21, 'RICAURTE'),
(807, 21, 'ROBERTO PAYAN'),
(808, 21, 'SAMANIEGO'),
(809, 21, 'SAN BERNARDO'),
(810, 21, 'SAN LORENZO'),
(811, 21, 'SAN PABLO'),
(812, 21, 'SAN PEDRO DE CARTAGO'),
(813, 21, 'SANDONA'),
(814, 21, 'SANTA BARBARA'),
(815, 21, 'SANTACRUZ'),
(816, 21, 'SAPUYES'),
(817, 21, 'TAMINANGO'),
(818, 21, 'TANGUA'),
(819, 21, 'TUMACO'),
(820, 21, 'TUQUERRES'),
(821, 21, 'YACUANQUER'),
(822, 22, 'ABREGO'),
(823, 22, 'ARBOLEDAS'),
(824, 22, 'BOCHALEMA'),
(825, 22, 'BUCARASICA'),
(826, 22, 'CÁCHIRA'),
(827, 22, 'CÁCOTA'),
(828, 22, 'CHINÁCOTA'),
(829, 22, 'CHITAGÁ'),
(830, 22, 'CONVENCIÓN'),
(831, 22, 'CÚCUTA'),
(832, 22, 'CUCUTILLA'),
(833, 22, 'DURANIA'),
(834, 22, 'EL CARMEN'),
(835, 22, 'EL TARRA'),
(836, 22, 'EL ZULIA'),
(837, 22, 'GRAMALOTE'),
(838, 22, 'HACARI'),
(839, 22, 'HERRÁN'),
(840, 22, 'LA ESPERANZA'),
(841, 22, 'LA PLAYA'),
(842, 22, 'LABATECA'),
(843, 22, 'LOS PATIOS'),
(844, 22, 'LOURDES'),
(845, 22, 'MUTISCUA'),
(846, 22, 'OCAÑA'),
(847, 22, 'PAMPLONA'),
(848, 22, 'PAMPLONITA'),
(849, 22, 'PUERTO SANTANDER'),
(850, 22, 'RAGONVALIA'),
(851, 22, 'SALAZAR'),
(852, 22, 'SAN CALIXTO'),
(853, 22, 'SAN CAYETANO'),
(854, 22, 'SANTIAGO'),
(855, 22, 'SARDINATA'),
(856, 22, 'SILOS'),
(857, 22, 'TEORAMA'),
(858, 22, 'TIBÚ'),
(859, 22, 'TOLEDO'),
(860, 22, 'VILLA CARO'),
(861, 22, 'VILLA DEL ROSARIO'),
(862, 23, 'COLÓN'),
(863, 23, 'MOCOA'),
(864, 23, 'ORITO'),
(865, 23, 'PUERTO ASÍS'),
(866, 23, 'PUERTO CAYCEDO'),
(867, 23, 'PUERTO GUZMÁN'),
(868, 23, 'PUERTO LEGUÍZAMO'),
(869, 23, 'SAN FRANCISCO'),
(870, 23, 'SAN MIGUEL'),
(871, 23, 'SANTIAGO'),
(872, 23, 'SIBUNDOY'),
(873, 23, 'VALLE DEL GUAMUEZ'),
(874, 23, 'VILLAGARZÓN'),
(875, 24, 'ARMENIA'),
(876, 24, 'BUENAVISTA'),
(877, 24, 'CALARCÁ'),
(878, 24, 'CIRCASIA'),
(879, 24, 'CÓRDOBA'),
(880, 24, 'FILANDIA'),
(881, 24, 'GÉNOVA'),
(882, 24, 'LA TEBAIDA'),
(883, 24, 'MONTENEGRO'),
(884, 24, 'PIJAO'),
(885, 24, 'QUIMBAYA'),
(886, 24, 'SALENTO'),
(887, 25, 'APIA'),
(888, 25, 'BALBOA'),
(889, 25, 'BELÉN DE UMBRÍA'),
(890, 25, 'DOS QUEBRADAS'),
(891, 25, 'GUATICA'),
(892, 25, 'LA CELIA'),
(893, 25, 'LA VIRGINIA'),
(894, 25, 'MARSELLA'),
(895, 25, 'MISTRATO'),
(896, 25, 'PEREIRA'),
(897, 25, 'PUEBLO RICO'),
(898, 25, 'QUINCHÍA'),
(899, 25, 'SANTA ROSA DE CABAL'),
(900, 25, 'SANTUARIO'),
(901, 26, 'PROVIDENCIA'),
(902, 26, 'SAN ANDRES'),
(903, 26, 'SANTA CATALINA'),
(904, 27, 'AGUADA'),
(905, 27, 'ALBANIA'),
(906, 27, 'ARATOCA'),
(907, 27, 'BARBOSA'),
(908, 27, 'BARICHARA'),
(909, 27, 'BARRANCABERMEJA'),
(910, 27, 'BETULIA'),
(911, 27, 'BOLÍVAR'),
(912, 27, 'BUCARAMANGA'),
(913, 27, 'CABRERA'),
(914, 27, 'CALIFORNIA'),
(915, 27, 'CAPITANEJO'),
(916, 27, 'CARCASI'),
(917, 27, 'CEPITA'),
(918, 27, 'CERRITO'),
(919, 27, 'CHARALÁ'),
(920, 27, 'CHARTA'),
(921, 27, 'CHIMA'),
(922, 27, 'CHIPATÁ'),
(923, 27, 'CIMITARRA'),
(924, 27, 'CONCEPCIÓN'),
(925, 27, 'CONFINES'),
(926, 27, 'CONTRATACIÓN'),
(927, 27, 'COROMORO'),
(928, 27, 'CURITÍ'),
(929, 27, 'EL CARMEN'),
(930, 27, 'EL GUACAMAYO'),
(931, 27, 'EL PEÑÓN'),
(932, 27, 'EL PLAYÓN'),
(933, 27, 'ENCINO'),
(934, 27, 'ENCISO'),
(935, 27, 'FLORIÁN'),
(936, 27, 'FLORIDABLANCA'),
(937, 27, 'GALÁN'),
(938, 27, 'GAMBITA'),
(939, 27, 'GIRÓN'),
(940, 27, 'GUACA'),
(941, 27, 'GUADALUPE'),
(942, 27, 'GUAPOTA'),
(943, 27, 'GUAVATÁ'),
(944, 27, 'GUEPSA'),
(945, 27, 'HATO'),
(946, 27, 'JESÚS MARIA'),
(947, 27, 'JORDÁN'),
(948, 27, 'LA BELLEZA'),
(949, 27, 'LA PAZ'),
(950, 27, 'LANDAZURI'),
(951, 27, 'LEBRIJA'),
(952, 27, 'LOS SANTOS'),
(953, 27, 'MACARAVITA'),
(954, 27, 'MÁLAGA'),
(955, 27, 'MATANZA'),
(956, 27, 'MOGOTES'),
(957, 27, 'MOLAGAVITA'),
(958, 27, 'OCAMONTE'),
(959, 27, 'OIBA'),
(960, 27, 'ONZAGA'),
(961, 27, 'PALMAR'),
(962, 27, 'PALMAS DEL SOCORRO'),
(963, 27, 'PÁRAMO'),
(964, 27, 'PIEDECUESTA'),
(965, 27, 'PINCHOTE'),
(966, 27, 'PUENTE NACIONAL'),
(967, 27, 'PUERTO PARRA'),
(968, 27, 'PUERTO WILCHES'),
(969, 27, 'RIONEGRO'),
(970, 27, 'SABANA DE TORRES'),
(971, 27, 'SAN ANDRÉS'),
(972, 27, 'SAN BENITO'),
(973, 27, 'SAN GIL'),
(974, 27, 'SAN JOAQUÍN'),
(975, 27, 'SAN JOSÉ DE MIRANDA'),
(976, 27, 'SAN MIGUEL'),
(977, 27, 'SAN VICENTE DE CHUCURÍ'),
(978, 27, 'SANTA BÁRBARA'),
(979, 27, 'SANTA HELENA'),
(980, 27, 'SIMACOTA'),
(981, 27, 'SOCORRO'),
(982, 27, 'SUAITA'),
(983, 27, 'SUCRE'),
(984, 27, 'SURATA'),
(985, 27, 'TONA'),
(986, 27, 'VALLE SAN JOSÉ'),
(987, 27, 'VÉLEZ'),
(988, 27, 'VETAS'),
(989, 27, 'VILLANUEVA'),
(990, 27, 'ZAPATOCA'),
(991, 28, 'BUENAVISTA'),
(992, 28, 'CAIMITO'),
(993, 28, 'CHALÁN'),
(994, 28, 'COLOSO'),
(995, 28, 'COROZAL'),
(996, 28, 'EL ROBLE'),
(997, 28, 'GALERAS'),
(998, 28, 'GUARANDA'),
(999, 28, 'LA UNIÓN'),
(1000, 28, 'LOS PALMITOS'),
(1001, 28, 'MAJAGUAL'),
(1002, 28, 'MORROA'),
(1003, 28, 'OVEJAS'),
(1004, 28, 'PALMITO'),
(1005, 28, 'SAMPUES'),
(1006, 28, 'SAN BENITO ABAD'),
(1007, 28, 'SAN JUAN DE BETULIA'),
(1008, 28, 'SAN MARCOS'),
(1009, 28, 'SAN ONOFRE'),
(1010, 28, 'SAN PEDRO'),
(1011, 28, 'SINCÉ'),
(1012, 28, 'SINCELEJO'),
(1013, 28, 'SUCRE'),
(1014, 28, 'TOLÚ'),
(1015, 28, 'TOLUVIEJO'),
(1016, 29, 'ALPUJARRA'),
(1017, 29, 'ALVARADO'),
(1018, 29, 'AMBALEMA'),
(1019, 29, 'ANZOATEGUI'),
(1020, 29, 'ARMERO (GUAYABAL)'),
(1021, 29, 'ATACO'),
(1022, 29, 'CAJAMARCA'),
(1023, 29, 'CARMEN DE APICALÁ'),
(1024, 29, 'CASABIANCA'),
(1025, 29, 'CHAPARRAL'),
(1026, 29, 'COELLO'),
(1027, 29, 'COYAIMA'),
(1028, 29, 'CUNDAY'),
(1029, 29, 'DOLORES'),
(1030, 29, 'ESPINAL'),
(1031, 29, 'FALÁN'),
(1032, 29, 'FLANDES'),
(1033, 29, 'FRESNO'),
(1034, 29, 'GUAMO'),
(1035, 29, 'HERVEO'),
(1036, 29, 'HONDA'),
(1037, 29, 'IBAGUE'),
(1038, 29, 'ICONONZO'),
(1039, 29, 'LÉRIDA'),
(1040, 29, 'LÍBANO'),
(1041, 29, 'MARIQUITA'),
(1042, 29, 'MELGAR'),
(1043, 29, 'MURILLO'),
(1044, 29, 'NATAGAIMA'),
(1045, 29, 'ORTEGA'),
(1046, 29, 'PALOCABILDO'),
(1047, 29, 'PIEDRAS PLANADAS'),
(1048, 29, 'PRADO'),
(1049, 29, 'PURIFICACIÓN'),
(1050, 29, 'RIOBLANCO'),
(1051, 29, 'RONCESVALLES'),
(1052, 29, 'ROVIRA'),
(1053, 29, 'SALDAÑA'),
(1054, 29, 'SAN ANTONIO'),
(1055, 29, 'SAN LUIS'),
(1056, 29, 'SANTA ISABEL'),
(1057, 29, 'SUÁREZ'),
(1058, 29, 'VALLE DE SAN JUAN'),
(1059, 29, 'VENADILLO'),
(1060, 29, 'VILLAHERMOSA'),
(1061, 29, 'VILLARRICA'),
(1062, 30, 'ALCALÁ'),
(1063, 30, 'ANDALUCÍA'),
(1064, 30, 'ANSERMA NUEVO'),
(1065, 30, 'ARGELIA'),
(1066, 30, 'BOLÍVAR'),
(1067, 30, 'BUENAVENTURA'),
(1068, 30, 'BUGA'),
(1069, 30, 'BUGALAGRANDE'),
(1070, 30, 'CAICEDONIA'),
(1071, 30, 'CALI'),
(1072, 30, 'CALIMA (DARIEN)'),
(1073, 30, 'CANDELARIA'),
(1074, 30, 'CARTAGO'),
(1075, 30, 'DAGUA'),
(1076, 30, 'EL AGUILA'),
(1077, 30, 'EL CAIRO'),
(1078, 30, 'EL CERRITO'),
(1079, 30, 'EL DOVIO'),
(1080, 30, 'FLORIDA'),
(1081, 30, 'GINEBRA GUACARI'),
(1082, 30, 'JAMUNDÍ'),
(1083, 30, 'LA CUMBRE'),
(1084, 30, 'LA UNIÓN'),
(1085, 30, 'LA VICTORIA'),
(1086, 30, 'OBANDO'),
(1087, 30, 'PALMIRA'),
(1088, 30, 'PRADERA'),
(1089, 30, 'RESTREPO'),
(1090, 30, 'RIO FRÍO'),
(1091, 30, 'ROLDANILLO'),
(1092, 30, 'SAN PEDRO'),
(1093, 30, 'SEVILLA'),
(1094, 30, 'TORO'),
(1095, 30, 'TRUJILLO'),
(1096, 30, 'TULÚA'),
(1097, 30, 'ULLOA'),
(1098, 30, 'VERSALLES'),
(1099, 30, 'VIJES'),
(1100, 30, 'YOTOCO'),
(1101, 30, 'YUMBO'),
(1102, 30, 'ZARZAL'),
(1103, 31, 'CARURÚ'),
(1104, 31, 'MITÚ'),
(1105, 31, 'PACOA'),
(1106, 31, 'PAPUNAUA'),
(1107, 31, 'TARAIRA'),
(1108, 31, 'YAVARATÉ'),
(1109, 32, 'CUMARIBO'),
(1110, 32, 'LA PRIMAVERA'),
(1111, 32, 'PUERTO CARREÑO'),
(1112, 32, 'SANTA ROSALIA');

-- --------------------------------------------------------

--
-- Estructura de tabla para la tabla `programas_formacion`
--

CREATE TABLE `programas_formacion` (
  `id_programa` int(11) NOT NULL,
  `nombre_programa` varchar(200) NOT NULL,
  `descripcion` varchar(500) DEFAULT NULL,
  `id_estado` int(11) NOT NULL
) ENGINE=InnoDB DEFAULT CHARSET=utf8mb4 COLLATE=utf8mb4_general_ci;

--
-- Volcado de datos para la tabla `programas_formacion`
--

INSERT INTO `programas_formacion` (`id_programa`, `nombre_programa`, `descripcion`, `id_estado`) VALUES
(22, 'Tecnologo en procesamiento de alimentos', 'El tecnólogo en Procesamiento de Alimentos tendrá la capacidad de elaborar y procesar higiénicamente los alimentos, aplicando las normas y sistemas de calidad vigentes. Además, estará en la capacidad de manejar, clasiticar, caracterizar la composición de los alimentos, mediante análisis fisicoquímicos, biológicos y organolépticos de las materias primas, insumos y alimentos.', 1),
(24, 'Tecnologo en agricultura de precision ', 'Este programa contempla el manejo de las tecnologías agrícolas como sistemas de información geográfica, manejo de GPS, nivelación láser, riego y drenaje automatizado, maquinaria agrícola de precisión y software para fertilización.', 1),
(25, 'Tecnologo en control y calidad en la industria de los alimentos', 'El tecnólogo en Control de Calidad en la Industria de Alimentos es competente para realizar, en el sector agroindustrial y especialmente en los subsectores de alimentos y bebidas, la verificación de producción de alimentos, la coordinación de las actividades generales de laboratorio, etc.', 1),
(26, 'Tecnólogo en producción de especies menores', 'El tecnólogo en Producción de Especies Menores maneja los aspectos de planeación, producción, comercialización, aprovechamiento de los recursos técnicos y físicos presentes en las fincas, el procesamiento de los productos y subproductos originados en los procesos productivos de las especies\r\nmenores.', 1),
(27, 'Mecanización agrícola', 'El egresado del programa de formación en Mecanización\r\nAgrícola, administra y opera tractores e implementos para la adecuada realización de labores agricolas, prepara terrenos para la siembra, tipo convencional, labranza reducida o mínima y labranza cero, nivel a lotes, aplica productos con equipos mecánicos para el control de plagas, prepara la cosecha.', 1),
(28, 'Tecnólogo en Gestión de la Producción Agrícola', 'El egresado del programa tecnólogo en Gestión de la Producción Agrícola, está en capacidad de apoyar las actividades que promuevan nuevos modelos tecnológicos productivos, con base en las buenas prácticas agricolas y sus referentes normativos, de tal forma que contribuya en la documentación de procesos necesarios para el mantenimiento y mejora continua.', 1),
(29, 'Tecnologo en gestion de recursos naturales', 'Intervienen en los procesos de diagnóstico como en ordenación, administración y conservación de los recursos agua, suelo, flora y fauna nivel local como regional y nacional, para satisfacer las demandas del sector de acuerdo con las tecnologías y los sistemas productivos actuales, participa en el proceso de gestión y administración de los recursos naturales, el cual tiene diversos niveles tecnológicos.', 1),
(30, 'Tecnologo en gestion de empresas pecuarias', 'El egresado del programa de formación gestión de empresas pecuarias, posee las competencias necesarias para desempeñarse en el contexto laboral, social y cultural, como persona idónea en el desarrollo de actividades relacionadas con la supervicion y control de procesos productivos pecuarios, coordinación de proyectos productivos pecuarios, administración de información y recursos de la producción pecuaria, implementación de sistemas agrícolas para la alimentación animal.', 1),
(31, 'Tecnologo en gestion agroempresarial', 'El egresado estará en capacidad de administrar y gestionar los procesos productivos agrícolas y pecuarios utilizando técnicas y estrategias de planeación, mercadeo, manejo de personal y análisis financiero, aplicando resultados de investigación y tecnologías de la información y demostrando habilidades sociales y responsabilidad, con el objetivo de optimizar la productividad y competitividad de la empresa y el sector e impactando positivamente la calidad de vida de la población rural', 1),
(32, 'Tecnólogo en prevención y control ambiental ', 'El tecnólogo en prevención y control ambiental es un talento humano formado integralmente bajo el enfoque por competencias que posee una visión integral de las problemáticos ambientales, es critico, propositivo y ético, capaz de coordinar y supervisar programas y proyectos enfocados a la prevención, mitigación y control de la contaminación ocasionada por residuos, vertimientos, emisiones, olores y ruido; a través del muestreo y caracterización de parámetros ambientales.', 1),
(33, 'Tecnologo en analisis y desarrollo de software', 'Desarrollo de aplicaciones de software ', 1),
(34, 'Tecnologo en produccion ganadera', 'La producción ganadera es uno de los sectores agropecuarios que aporta mayor cantidad de dividendos a la economía nacional, por este motivo, el SENA presenta este programa en el cual los interesados será capacitados para participar en las diferentes etapas del procesos de producción de carnes, lácteos y demás derivados de la industria ovina y bovina. ', 1),
(35, 'Tecnologo Soporte de Topografia y Georreferenciacion', '', 1);

-- --------------------------------------------------------

--
-- Estructura de tabla para la tabla `tipo_usuario`
--

CREATE TABLE `tipo_usuario` (
  `id` int(11) NOT NULL,
  `tipo_usuario` varchar(255) NOT NULL
) ENGINE=InnoDB DEFAULT CHARSET=utf8mb4 COLLATE=utf8mb4_general_ci;

--
-- Volcado de datos para la tabla `tipo_usuario`
--

INSERT INTO `tipo_usuario` (`id`, `tipo_usuario`) VALUES
(1, 'administrador'),
(2, 'aprendiz');

-- --------------------------------------------------------

--
-- Estructura de tabla para la tabla `turno_especial`
--

CREATE TABLE `turno_especial` (
  `id_turno_especial` int(11) NOT NULL,
  `id_ficha` int(11) NOT NULL,
  `fecha_inicio` date NOT NULL,
  `fecha_fin` date NOT NULL,
  `horario_inicio` time NOT NULL,
  `horario_fin` time NOT NULL,
  `estado` int(11) NOT NULL
) ENGINE=InnoDB DEFAULT CHARSET=utf8mb4 COLLATE=utf8mb4_general_ci;

-- --------------------------------------------------------

--
-- Estructura de tabla para la tabla `turno_rutinario`
--

CREATE TABLE `turno_rutinario` (
  `id_turno_rutinario` int(11) NOT NULL,
  `fecha_inicio` date NOT NULL,
  `fecha_final` date NOT NULL,
  `horario_inicial` time NOT NULL,
  `horario_final` time NOT NULL,
  `estado` int(11) NOT NULL,
  `fallas` int(11) NOT NULL,
  `id_aprendiz` int(11) NOT NULL,
  `id_unidad` int(11) NOT NULL
) ENGINE=InnoDB DEFAULT CHARSET=utf8mb4 COLLATE=utf8mb4_general_ci;

-- --------------------------------------------------------

--
-- Estructura de tabla para la tabla `unidad`
--

CREATE TABLE `unidad` (
  `id_unidad` int(11) NOT NULL,
  `nombre_unidad` varchar(200) NOT NULL,
  `id_area` int(11) NOT NULL,
  `hora_inicio` time NOT NULL,
  `hora_finalizacion` time NOT NULL,
  `cantidad_aprendices` int(11) NOT NULL,
  `id_estado` int(11) NOT NULL,
  `fecha_registro` datetime NOT NULL,
  `fecha_actualizacion` datetime NOT NULL
) ENGINE=InnoDB DEFAULT CHARSET=utf8mb4 COLLATE=utf8mb4_general_ci;

--
-- Volcado de datos para la tabla `unidad`
--

INSERT INTO `unidad` (`id_unidad`, `nombre_unidad`, `id_area`, `hora_inicio`, `hora_finalizacion`, `cantidad_aprendices`, `id_estado`, `fecha_registro`, `fecha_actualizacion`) VALUES
(76, 'Porcinos', 20, '07:00:00', '09:00:00', 2, 1, '2024-07-29 14:45:53', '0000-00-00 00:00:00'),
(77, 'Caprinos / Cunicultura', 20, '07:00:00', '09:00:00', 2, 1, '2024-07-29 14:47:13', '0000-00-00 00:00:00'),
(78, 'Ganaderia', 20, '07:00:00', '09:00:00', 2, 1, '2024-07-29 14:47:43', '0000-00-00 00:00:00'),
(79, 'Planta de concentrados', 20, '07:00:00', '09:00:00', 1, 1, '2024-07-29 14:48:25', '0000-00-00 00:00:00'),
(80, 'Piscicultura', 20, '07:00:00', '09:00:00', 2, 1, '2024-07-29 14:48:53', '0000-00-00 00:00:00'),
(81, 'Apicultura', 20, '07:00:00', '09:00:00', 1, 1, '2024-07-29 14:49:33', '0000-00-00 00:00:00'),
(82, 'Avicultura', 20, '07:00:00', '09:00:00', 1, 1, '2024-07-29 14:50:00', '0000-00-00 00:00:00'),
(83, 'Ovinos', 20, '07:00:00', '09:00:00', 2, 1, '2024-07-29 14:50:37', '0000-00-00 00:00:00'),
(84, 'Laboratorio de reproduccion bovina', 20, '07:00:00', '09:00:00', 1, 2, '2024-07-29 14:51:34', '0000-00-00 00:00:00'),
(85, 'Lote 1', 21, '07:00:00', '09:00:00', 2, 1, '2024-07-29 14:52:18', '0000-00-00 00:00:00'),
(86, 'Lote 2', 21, '07:00:00', '09:00:00', 2, 1, '2024-07-29 14:52:45', '0000-00-00 00:00:00'),
(87, 'Semestrales', 21, '07:00:00', '09:00:00', 1, 1, '2024-07-29 14:53:32', '0000-00-00 00:00:00'),
(88, 'Lote 9', 21, '07:00:00', '09:00:00', 2, 1, '2024-07-29 15:04:55', '0000-00-00 00:00:00'),
(89, 'Lote 20', 21, '07:00:00', '09:00:00', 2, 1, '2024-07-29 15:05:35', '0000-00-00 00:00:00'),
(90, 'Lote 5', 24, '07:00:00', '09:00:00', 2, 1, '2024-07-29 15:06:06', '0000-00-00 00:00:00'),
(91, 'Vivero', 24, '07:00:00', '09:00:00', 2, 1, '2024-07-29 15:06:27', '0000-00-00 00:00:00'),
(92, 'Bioinsumos', 24, '07:00:00', '09:00:00', 2, 1, '2024-07-29 15:07:03', '0000-00-00 00:00:00'),
(93, 'Gestion de centro', 24, '07:00:00', '09:00:00', 2, 1, '2024-07-29 15:07:30', '0000-00-00 00:00:00'),
(94, 'Laboratorio ambiental', 24, '07:00:00', '09:00:00', 1, 2, '2024-07-29 15:08:18', '2024-07-29 15:09:59'),
(95, 'Laboratorio de biotecnologia', 24, '07:00:00', '09:00:00', 1, 2, '2024-07-29 15:08:51', '2024-07-29 15:09:44'),
(96, 'Mecanizacion', 31, '07:00:00', '09:00:00', 1, 1, '2024-07-29 15:09:20', '0000-00-00 00:00:00'),
(97, 'Laboratorio de suelos', 31, '07:00:00', '09:00:00', 1, 2, '2024-07-29 15:10:30', '0000-00-00 00:00:00'),
(98, 'Invernadero', 31, '07:00:00', '09:00:00', 1, 2, '2024-07-29 15:10:52', '0000-00-00 00:00:00'),
(99, 'Parque de riego', 31, '07:00:00', '09:00:00', 1, 2, '2024-07-29 15:11:17', '0000-00-00 00:00:00'),
(100, 'Casa de herramientas', 23, '07:00:00', '09:00:00', 1, 1, '2024-07-29 15:11:45', '0000-00-00 00:00:00'),
(101, 'Oficina de Sena Empresa', 23, '07:00:00', '09:00:00', 2, 1, '2024-07-29 15:12:31', '0000-00-00 00:00:00'),
(102, 'Mercasena', 23, '07:00:00', '16:00:00', 1, 1, '2024-07-29 15:12:55', '0000-00-00 00:00:00'),
(103, 'Mercasena pan y cafe', 23, '07:00:00', '16:00:00', 1, 1, '2024-07-29 15:13:27', '0000-00-00 00:00:00'),
(104, 'Fruhor', 22, '07:00:00', '16:00:00', 1, 1, '2024-07-29 15:14:01', '0000-00-00 00:00:00'),
(105, 'Carnicos', 22, '07:00:00', '16:00:00', 1, 1, '2024-07-29 15:14:27', '0000-00-00 00:00:00'),
(106, 'Lacteos', 22, '07:00:00', '16:00:00', 1, 1, '2024-07-29 15:14:51', '0000-00-00 00:00:00'),
(107, 'Panficacion', 22, '07:00:00', '04:00:00', 1, 1, '2024-07-29 15:15:17', '0000-00-00 00:00:00'),
(108, 'Postcosecha', 22, '07:00:00', '16:00:00', 1, 1, '2024-07-29 15:15:50', '0000-00-00 00:00:00'),
(109, 'Chocolateria', 22, '07:00:00', '16:00:00', 1, 2, '2024-07-29 15:16:18', '2024-07-29 15:19:59'),
(110, 'Laboratorio de cafe', 22, '07:00:00', '16:00:00', 1, 2, '2024-07-29 15:16:55', '0000-00-00 00:00:00'),
(111, 'Laboratorio de calidad ', 22, '07:00:00', '16:00:00', 1, 2, '2024-07-29 15:17:41', '0000-00-00 00:00:00'),
(112, 'Planta de aguas', 22, '07:00:00', '16:00:00', 1, 2, '2024-07-29 15:18:15', '0000-00-00 00:00:00'),
(113, 'Zonas verdes', 24, '07:00:00', '09:00:00', 1, 2, '2024-07-30 08:28:39', '0000-00-00 00:00:00'),
(114, 'Agricultura de precision', 31, '07:00:00', '09:00:00', 1, 2, '2024-07-30 08:29:47', '0000-00-00 00:00:00');

-- --------------------------------------------------------

--
-- Estructura de tabla para la tabla `usuarios`
--

CREATE TABLE `usuarios` (
  `documento` bigint(20) NOT NULL,
  `nombres` varchar(255) NOT NULL,
  `apellidos` varchar(255) NOT NULL,
  `foto_data` varchar(255) NOT NULL,
  `celular` varchar(20) NOT NULL,
  `celular_acudiente` varchar(20) DEFAULT NULL,
  `password` varchar(255) DEFAULT NULL,
  `sexo` varchar(100) DEFAULT NULL,
  `id_estado_se` int(11) DEFAULT NULL,
  `id_ficha` int(11) DEFAULT NULL,
  `id_tipo_usuario` int(11) NOT NULL,
  `email` varchar(255) NOT NULL,
  `email_institucional` varchar(200) DEFAULT NULL,
  `cargo_funcionario` int(11) DEFAULT NULL,
  `id_estado` int(11) NOT NULL,
  `id_ciudad_nacimiento` int(10) DEFAULT NULL,
  `fecha_registro` datetime DEFAULT NULL,
  `fecha_actualizacion` datetime DEFAULT NULL,
  `fecha_nacimiento` date DEFAULT NULL,
  `tipo_convivencia` varchar(255) DEFAULT NULL,
  `patrocinio` varchar(50) DEFAULT NULL,
  `empresa_patrocinadora` varchar(255) DEFAULT NULL,
  `tipo_documento` varchar(100) DEFAULT NULL,
  `id_ciudad_residencia` int(11) DEFAULT NULL,
  `estrato` varchar(200) DEFAULT NULL,
  `ruta_buses` varchar(100) DEFAULT NULL,
  `nombreEPS` varchar(200) DEFAULT NULL,
  `hijos` varchar(200) DEFAULT NULL
) ENGINE=InnoDB DEFAULT CHARSET=utf8mb4 COLLATE=utf8mb4_general_ci;

--
-- Volcado de datos para la tabla `usuarios`
--

INSERT INTO `usuarios` (`documento`, `nombres`, `apellidos`, `foto_data`, `celular`, `celular_acudiente`, `password`, `sexo`, `id_estado_se`, `id_ficha`, `id_tipo_usuario`, `email`, `email_institucional`, `cargo_funcionario`, `id_estado`, `id_ciudad_nacimiento`, `fecha_registro`, `fecha_actualizacion`, `fecha_nacimiento`, `tipo_convivencia`, `patrocinio`, `empresa_patrocinadora`, `tipo_documento`, `id_ciudad_residencia`, `estrato`, `ruta_buses`, `nombreEPS`, `hijos`) VALUES
(1023368198, 'Jefferson', 'Ramírez lasso', '', '3138028530', '3138028530', NULL, 'M', 2, 2201230, 2, 'jramirez891@misena.edu.co', 'jramirez891@misena.edu.co', NULL, 1, 1025, '2024-08-05 15:26:38', NULL, '2005-07-11', 'INT', 'no', NULL, 'C.C.', 1030, 'A1', 'no', 'Asmet Salud', 'no'),
(1104695640, 'Wendy Daniela', 'Peñaloza Cardona', '', '3192108407', '3192108407', NULL, 'F', 2, 2201230, 2, 'wdpenaloza0@misena.edu.co ', 'wdpenaloza0@misena.edu.co ', NULL, 1, 1040, '2024-08-05 15:26:38', NULL, '2004-08-11', 'INT', 'no', NULL, 'T.I.', 1030, 'B6', 'no', 'Medimas', 'no'),
(1105304265, 'Braulio', 'Legarda Padilla', '', '3107211063', '3107211063', NULL, 'M', 2, 2201230, 2, 'blegarda5@misena.edu.co', 'blegarda5@misena.edu.co', NULL, 1, 1025, '2024-08-05 15:26:38', NULL, '2005-08-11', 'INT', 'no', NULL, 'T.I.', 1030, 'B2', 'no', 'Asmet Salud', 'no'),
(1106769627, 'Jessica Neidery', 'Vaquiro cometa', '', '3214677782', '3214677782', NULL, 'F', 2, 2201230, 2, 'jnvaquiro@misena.edu.co', 'jnvaquiro@misena.edu.co', NULL, 1, 1025, '2024-08-05 15:26:38', NULL, '2004-10-11', 'INT', 'no', NULL, 'T.I.', 1030, 'A3', 'no', 'Ecopsos', 'no'),
(1106769898, 'Alexandra', 'Vaquiro cometa', '', '3145753692', '3145753692', NULL, 'F', 2, 2201230, 2, 'avaquiro8@misena.edu.co', 'avaquiro8@misena.edu.co', NULL, 1, 1025, '2024-08-05 15:26:38', NULL, '2004-09-11', 'INT', 'no', NULL, 'T.I.', 1030, 'A1', 'no', 'Ecopsos', 'no'),
(1108828245, 'Yeison', 'Cruz Avila', '', '3016122859', '3016122859', NULL, 'M', 2, 2201230, 2, 'ycruz5428@misena.edu.co', 'ycruz5428@misena.edu.co', NULL, 1, 1025, '2024-08-05 15:26:38', NULL, '2005-04-11', 'INT', 'no', NULL, 'T.I.', 1030, 'B1', 'no', 'Nueva Eps', 'no'),
(1108828628, 'Johan Oswaldo', 'Ortiz Roldan', '', '3183717502', '3183717502', NULL, 'M', 2, 2201230, 2, 'joortiz82@misena.edu.co', 'joortiz82@misena.edu.co', NULL, 1, 1025, '2024-08-05 15:26:38', NULL, '2005-06-11', 'EXT', 'no', NULL, 'T.I.', 1030, 'A1', 'no', 'pijao salud', 'no'),
(1108828877, 'Angie Vivíana', 'Ruiz Lasso', '', '3227917418', '3227917418', NULL, 'F', 2, 2201230, 2, 'avruiz77@misena.edu.co', 'avruiz77@misena.edu.co', NULL, 1, 1025, '2024-08-05 15:26:38', NULL, '2005-01-11', 'INT', 'no', NULL, 'T.I.', 1030, 'A2', 'no', 'Nueva Eps', 'no'),
(1109490322, 'Jailer', 'Ortiz Merchán', '', '3005574615', '3005574615', NULL, 'M', 2, 2201230, 2, 'jortiz223@misena.edu.co', 'jortiz223@misena.edu.co', NULL, 1, 1025, '2024-08-05 15:26:38', NULL, '2005-05-11', 'INT', 'no', NULL, 'T.I.', 1030, 'b1', 'no', 'pijao salud', 'no'),
(1111042536, 'Kevin', 'Reinoso Pira', '', '3102468098', '3102468098', NULL, 'M', 2, 2201230, 2, 'kreinosob@misena.edu.co', 'kreinosob@misena.edu.co', NULL, 1, 1025, '2024-08-05 15:26:38', NULL, '2004-12-11', 'INT', 'no', NULL, 'T.I.', 1030, 'A1', 'no', 'Ecopsos', 'no'),
(1111042591, 'Sharick Tatiana', 'Cuenca Sogamoso', '', '3108864353', '3108864353', NULL, 'F', 2, 2201230, 2, 'stcuenca1@misena.edu.co', 'stcuenca1@misena.edu.co', NULL, 1, 1025, '2024-08-05 15:26:38', NULL, '2005-02-11', NULL, 'no', NULL, 'T.I.', 1030, 'A2', 'no', 'Ecopsos', 'no'),
(1111042673, 'Laura Sofía', 'Ariza Useche', '', '3208883671', '3208883671', NULL, 'F', 2, 2201230, 2, 'Isariza376@misena.edu.co', 'Isariza376@misena.edu.co', NULL, 1, 1025, '2024-08-05 15:26:38', NULL, '2005-03-11', 'INT', 'no', NULL, 'C.C.', 1030, 'B2', 'no', 'Medimas', 'no'),
(1111042683, 'Angie Lorena', 'Morales Chávez', '', '3104946434', '3104946434', NULL, 'F', 2, 2201230, 2, 'almorales38@misena.edu.co', 'almorales38@misena.edu.co', NULL, 1, 1025, '2024-08-05 15:26:38', NULL, '2004-11-11', 'INT', 'no', NULL, 'C.C.', 1030, 'A1', 'no', 'Ecopsos', 'no'),
(1140914512, 'Laura Sofia', 'Casallas Cardenas', 'logonegro.png', '3203694662', '', '$2y$15$Nfes2HTuFrz0tRw3S41jsekld.pLkC7bJyamVGXQUmVwt2JmvyFwK', 'Femenino', 1, 2669497, 1, 'mitalentohumanose@gmail.com', NULL, NULL, 1, NULL, '2024-07-24 15:12:02', NULL, '2015-07-17', NULL, 'si', '5', 'C.C.', NULL, '', NULL, NULL, NULL);

--
-- Índices para tablas volcadas
--

--
-- Indices de la tabla `areas`
--
ALTER TABLE `areas`
  ADD PRIMARY KEY (`id_area`);

--
-- Indices de la tabla `cargos`
--
ALTER TABLE `cargos`
  ADD PRIMARY KEY (`id_cargo`);

--
-- Indices de la tabla `departamentos`
--
ALTER TABLE `departamentos`
  ADD PRIMARY KEY (`id_departamento`);

--
-- Indices de la tabla `detalle_area_unidades`
--
ALTER TABLE `detalle_area_unidades`
  ADD PRIMARY KEY (`id_detalle_areauni`);

--
-- Indices de la tabla `empresas`
--
ALTER TABLE `empresas`
  ADD PRIMARY KEY (`id_empresa`);

--
-- Indices de la tabla `estados`
--
ALTER TABLE `estados`
  ADD PRIMARY KEY (`id_estado`);

--
-- Indices de la tabla `fichas`
--
ALTER TABLE `fichas`
  ADD PRIMARY KEY (`codigoFicha`);

--
-- Indices de la tabla `formatos`
--
ALTER TABLE `formatos`
  ADD PRIMARY KEY (`id_formato`);

--
-- Indices de la tabla `intentos_fallidos`
--
ALTER TABLE `intentos_fallidos`
  ADD PRIMARY KEY (`id_intentos`);

--
-- Indices de la tabla `municipios`
--
ALTER TABLE `municipios`
  ADD PRIMARY KEY (`id_municipio`),
  ADD KEY `id_Departamento` (`id_departamento`);

--
-- Indices de la tabla `programas_formacion`
--
ALTER TABLE `programas_formacion`
  ADD PRIMARY KEY (`id_programa`);

--
-- Indices de la tabla `tipo_usuario`
--
ALTER TABLE `tipo_usuario`
  ADD PRIMARY KEY (`id`);

--
-- Indices de la tabla `turno_especial`
--
ALTER TABLE `turno_especial`
  ADD PRIMARY KEY (`id_turno_especial`);

--
-- Indices de la tabla `turno_rutinario`
--
ALTER TABLE `turno_rutinario`
  ADD PRIMARY KEY (`id_turno_rutinario`);

--
-- Indices de la tabla `unidad`
--
ALTER TABLE `unidad`
  ADD PRIMARY KEY (`id_unidad`);

--
-- Indices de la tabla `usuarios`
--
ALTER TABLE `usuarios`
  ADD PRIMARY KEY (`documento`);

--
-- AUTO_INCREMENT de las tablas volcadas
--

--
-- AUTO_INCREMENT de la tabla `areas`
--
ALTER TABLE `areas`
  MODIFY `id_area` int(11) NOT NULL AUTO_INCREMENT, AUTO_INCREMENT=38;

--
-- AUTO_INCREMENT de la tabla `cargos`
--
ALTER TABLE `cargos`
  MODIFY `id_cargo` int(11) NOT NULL AUTO_INCREMENT, AUTO_INCREMENT=12;

--
-- AUTO_INCREMENT de la tabla `departamentos`
--
ALTER TABLE `departamentos`
  MODIFY `id_departamento` bigint(20) NOT NULL AUTO_INCREMENT, AUTO_INCREMENT=34;

--
-- AUTO_INCREMENT de la tabla `detalle_area_unidades`
--
ALTER TABLE `detalle_area_unidades`
  MODIFY `id_detalle_areauni` int(11) NOT NULL AUTO_INCREMENT, AUTO_INCREMENT=94;

--
-- AUTO_INCREMENT de la tabla `estados`
--
ALTER TABLE `estados`
  MODIFY `id_estado` int(11) NOT NULL AUTO_INCREMENT, AUTO_INCREMENT=10;

--
-- AUTO_INCREMENT de la tabla `formatos`
--
ALTER TABLE `formatos`
  MODIFY `id_formato` int(11) NOT NULL AUTO_INCREMENT, AUTO_INCREMENT=8;

--
-- AUTO_INCREMENT de la tabla `intentos_fallidos`
--
ALTER TABLE `intentos_fallidos`
  MODIFY `id_intentos` int(11) NOT NULL AUTO_INCREMENT, AUTO_INCREMENT=5;

--
-- AUTO_INCREMENT de la tabla `municipios`
--
ALTER TABLE `municipios`
  MODIFY `id_municipio` bigint(20) NOT NULL AUTO_INCREMENT, AUTO_INCREMENT=1116;

--
-- AUTO_INCREMENT de la tabla `programas_formacion`
--
ALTER TABLE `programas_formacion`
  MODIFY `id_programa` int(11) NOT NULL AUTO_INCREMENT, AUTO_INCREMENT=36;

--
-- AUTO_INCREMENT de la tabla `tipo_usuario`
--
ALTER TABLE `tipo_usuario`
  MODIFY `id` int(11) NOT NULL AUTO_INCREMENT, AUTO_INCREMENT=3;

--
-- AUTO_INCREMENT de la tabla `turno_especial`
--
ALTER TABLE `turno_especial`
  MODIFY `id_turno_especial` int(11) NOT NULL AUTO_INCREMENT;

--
-- AUTO_INCREMENT de la tabla `turno_rutinario`
--
ALTER TABLE `turno_rutinario`
  MODIFY `id_turno_rutinario` int(11) NOT NULL AUTO_INCREMENT;

--
-- AUTO_INCREMENT de la tabla `unidad`
--
ALTER TABLE `unidad`
  MODIFY `id_unidad` int(11) NOT NULL AUTO_INCREMENT, AUTO_INCREMENT=115;
COMMIT;

/*!40101 SET CHARACTER_SET_CLIENT=@OLD_CHARACTER_SET_CLIENT */;
/*!40101 SET CHARACTER_SET_RESULTS=@OLD_CHARACTER_SET_RESULTS */;
/*!40101 SET COLLATION_CONNECTION=@OLD_COLLATION_CONNECTION */;
